YEAR,TEAM NO,TEAM,SEED,ROUND,RPPF RATING RANK,RPPF RATING,NPB RATING RANK,NPB RATING,RADJ O RANK,RADJ O,RADJ D RANK,RADJ D,RADJ EM RANK,RADJ EM,R SOS RANK,R SOS,STROE RANK,STROE,STRDE RANK,STRDE,STRT+ RANK,STREM RANK,STREM
2025,1147,Akron,13,64,97,0.7011,97,0.802,140,103.4,35,93.3,,10.1,328,0.4606,39,93.65,95,97.65,87,99,-4
2025,1146,Alabama,2,8,4,0.941,4,0.9568,189,103.1,117,101.4,,1.7,342,0.4703,1,122.04,4,78.64,4,8,43.4
2025,1145,Alabama St.,16,64,266,0.4632,232,0.6441,64,114.1,194,107.8,,6.3,254,0.5338,252,71.02,231,107.93,255,271,-36.91
2025,1144,American,16,68,253,0.4814,257,0.6218,165,106.5,96,102.4,,4.1,205,0.5723,305,66.29,287,112.7,267,243,-46.41
2025,1143,Arizona,2,16,11,0.8972,14,0.922,121,105.6,155,102.2,,3.4,260,0.5146,9,105.41,22,85.75,15,15,19.66
2025,1142,Arkansas,10,16,44,0.8113,58,0.8519,80,107.9,37,94.2,,13.7,138,0.6161,57,89.86,15,83.18,25,41,6.68
2025,1141,Auburn,1,4,2,0.9667,3,0.9818,3,128.9,39,97.3,,31.6,1,0.8208,3,113.57,14,82.51,10,4,31.06
2025,1140,Baylor,9,32,31,0.8402,40,0.8772,2,126.9,124,103.8,,23.1,1,0.8012,27,95.49,83,96.38,52,26,-0.89
2025,1139,Bryant,15,64,147,0.6117,152,0.7335,16,117.6,4,88.8,,28.8,7,0.7837,108,83.24,76,94.43,98,149,-11.19
2025,1138,BYU,6,16,22,0.86,23,0.9047,11,117.1,103,99.3,,17.8,1,0.7543,12,102.55,77,94.44,46,22,8.11
2025,1137,Clemson,5,64,21,0.8631,21,0.9064,33,112.6,3,86.9,,25.7,15,0.7681,48,91.62,40,89.34,23,14,2.28
2025,1136,Colorado St.,12,32,52,0.7984,51,0.8621,111,108.6,12,94.4,,14.2,10,0.7646,60,89.55,73,93.99,56,40,-4.44
2025,1135,Connecticut,8,32,34,0.8354,53,0.8568,106,105.8,8,89.4,,16.4,31,0.7061,26,95.93,151,102.34,85,31,-6.41
2025,1134,Creighton,9,32,36,0.8299,52,0.8577,277,100.5,246,110.6,,-10.1,351,0.4544,45,92.46,50,91.07,41,36,1.39
2025,1133,Drake,11,32,58,0.7864,55,0.8563,127,105.6,152,103,,2.6,317,0.4982,192,75.47,174,103.88,97,48,-28.41
2025,1132,Duke,1,4,1,0.9916,1,0.9941,218,102,153,103.9,,-1.9,294,0.5072,6,109.01,6,80.16,1,1,28.85
2025,1131,Florida,1,1,3,0.9651,2,0.9838,178,102,133,100.9,,1.1,262,0.5308,2,117.14,5,78.92,2,3,38.22
2025,1130,Georgia,9,64,32,0.8391,24,0.9038,259,101.2,186,107.5,,-6.3,321,0.4762,51,91.28,26,86.65,29,34,4.63
2025,1129,Gonzaga,8,32,6,0.9186,12,0.9347,201,103,55,97.5,,5.5,226,0.5626,7,107.69,17,84.58,11,10,23.11
2025,1128,Grand Canyon,13,64,83,0.7272,91,0.8056,220,99,201,104,,-5,250,0.5191,91,84.35,33,88.19,61,98,-3.84
2025,1127,High Point,13,64,92,0.7128,67,0.8435,11,123.7,34,97,,26.7,9,0.7776,35,94.24,240,108.57,159,85,-14.33
2025,1126,Houston,1,2,5,0.9396,6,0.9498,8,122.4,15,95,,27.4,21,0.7581,32,94.77,13,82.45,7,2,12.32
2025,1125,Illinois,6,32,16,0.8733,19,0.9086,4,121,43,97.2,,23.8,40,0.745,8,107.08,18,84.88,18,25,22.2
2025,1124,Iowa St.,3,32,10,0.9051,7,0.9446,4,120.9,22,93.1,,27.8,77,0.6697,17,99.11,8,80.45,9,9,18.66
2025,1123,Kansas,7,64,23,0.8595,46,0.8709,14,119.5,70,99.4,,20.1,66,0.6974,43,93,11,81.22,13,20,11.78
2025,1122,Kentucky,3,16,15,0.877,20,0.9082,21,118.2,31,94.8,,23.4,60,0.7058,4,111.41,24,86.52,19,21,24.89
2025,1121,Liberty,12,64,53,0.7966,49,0.8673,14,118.8,33,95.6,,23.2,63,0.6967,97,84,72,93.78,63,60,-9.78
2025,1120,Lipscomb,14,64,87,0.7237,79,0.8263,12,119.2,3,85.5,,33.7,60,0.703,88,85.43,113,99.03,89,83,-13.6
2025,1119,Louisville,8,64,19,0.8671,8,0.9445,23,115.9,1,84.7,,31.2,13,0.7427,24,96.29,19,85.28,17,23,11.01
2025,1118,Marquette,7,64,26,0.8563,33,0.8876,17,115,36,94,,21,27,0.7323,34,94.32,28,87.29,25,28,7.03
2025,1117,Maryland,4,16,9,0.9065,9,0.9383,124,107.7,30,95.4,,12.3,42,0.743,18,98.75,2,78.11,7,13,20.64
2025,1116,McNeese St.,12,32,62,0.7787,25,0.9029,60,110.5,86,99.2,,11.3,74,0.6938,85,85.92,86,97.19,69,58,-11.27
2025,1115,Memphis,5,64,48,0.8018,60,0.8498,17,118.2,129,103.4,,14.8,68,0.6929,50,91.34,21,85.71,36,57,5.63
2025,1114,Michigan,5,16,17,0.8714,15,0.9198,66,111.3,36,95.6,,15.7,53,0.716,30,95.01,10,80.92,16,29,14.09
2025,1113,Michigan St.,2,8,14,0.8834,18,0.9089,67,113.8,19,95.4,,18.4,32,0.7432,23,96.62,3,78.15,3,7,18.47
2025,1112,Mississippi,6,16,25,0.8566,17,0.9104,46,113.2,17,94,,19.2,15,0.7652,25,96.28,20,85.3,21,27,10.98
2025,1111,Mississippi St.,8,64,28,0.8505,27,0.897,33,112,17,92.1,,19.9,43,0.6975,19,98.34,37,88.91,32,33,9.43
2025,1110,Missouri,6,64,18,0.8691,16,0.9143,34,112.3,16,90.3,,22,76,0.7047,5,109.8,56,91.89,34,19,17.91
2025,1109,Montana,14,64,142,0.6341,142,0.7464,18,118,99,101.7,,16.3,19,0.7539,112,82.8,258,110.06,216,157,-27.26
2025,1108,Mount St. Mary's,16,64,247,0.4879,266,0.6067,26,117.3,90,100.8,,16.5,48,0.7171,287,67.66,184,104.41,220,248,-36.75
2025,1107,Nebraska Omaha,15,64,140,0.6422,102,0.7942,16,115.9,73,98.1,,17.8,59,0.7041,90,85.17,227,107.76,190,156,-22.59
2025,1106,New Mexico,10,32,37,0.8288,38,0.8815,102,108.5,31,95.5,,13,217,0.5565,46,92.25,7,80.32,23,47,11.93
2025,1105,Norfolk St.,16,64,178,0.5776,160,0.7231,2,129.1,12,93.2,,35.9,2,0.8049,175,77.34,223,107.48,208,181,-30.14
2025,1104,North Carolina,11,64,33,0.8367,45,0.8714,9,122.1,5,92.4,,29.7,51,0.7417,15,99.97,34,88.58,33,37,11.39
2025,1103,Oklahoma,9,64,38,0.8281,32,0.8879,42,113.4,30,95.4,,18,22,0.7603,16,99.23,54,91.52,43,39,7.71
2025,1102,Oregon,5,32,30,0.8402,35,0.8859,19,114.5,8,89.5,,25,23,0.7086,41,93.32,27,87.26,28,32,6.06
2025,1101,Purdue,4,16,27,0.8534,48,0.8687,8,120.3,39,95.9,,24.4,21,0.7727,11,102.75,80,95.82,45,17,6.93
2025,1100,Robert Morris,15,64,156,0.604,133,0.7606,15,119.1,48,97.9,,21.2,50,0.7153,160,78.56,122,99.66,119,139,-21.1
2025,1099,Saint Francis,16,68,310,0.3946,270,0.6003,175,104.3,270,110,,-5.7,235,0.548,309,66.22,309,114.74,315,310,-48.52
2025,1098,Saint Mary's,7,32,24,0.8585,28,0.897,17,120.9,51,99.1,,21.8,12,0.774,92,84.34,29,87.69,19,16,-3.35
2025,1097,San Diego St.,11,68,50,0.8003,62,0.8479,6,123.2,59,99.9,,23.3,11,0.7744,146,79.78,23,86.07,30,45,-6.29
2025,1096,SIU Edwardsville,16,64,218,0.5332,212,0.6732,2,122.1,96,101.4,,20.7,6,0.788,268,69.71,176,103.94,198,218,-34.23
2025,1095,St. John's,2,32,12,0.8914,11,0.9354,8,118.4,15,91.6,,26.8,24,0.7083,49,91.34,1,72.73,5,12,18.61
2025,1094,Tennessee,2,8,7,0.9184,10,0.9355,3,123.5,43,94.1,,29.4,85,0.6956,33,94.7,9,80.54,6,5,14.16
2025,1093,Texas,11,68,39,0.8273,50,0.8656,26,114,75,98.2,,15.8,48,0.7453,42,93.16,58,91.94,48,42,1.22
2025,1092,Texas A&M,4,32,20,0.8669,26,0.8995,27,117.2,13,92,,25.2,4,0.7636,52,91.13,12,82.39,12,18,8.74
2025,1091,Texas Tech,3,8,8,0.9125,5,0.95,10,119.3,60,98.5,,20.8,11,0.7521,10,104.23,51,91.28,27,6,12.95
2025,1090,Troy,14,64,98,0.6992,77,0.8288,13,117.7,19,93.3,,24.4,8,0.7479,173,77.44,82,96.06,84,97,-18.62
2025,1089,UC San Diego,12,64,46,0.8081,22,0.9056,9,119.5,92,100.5,,19,3,0.7589,67,88.91,42,89.41,35,35,-0.5
2025,1088,UCLA,7,32,29,0.8443,34,0.8869,15,115.6,28,94.2,,21.4,28,0.7085,54,90.88,30,87.87,23,24,3.01
2025,1087,UNC Wilmington,14,64,110,0.6839,121,0.7736,20,115.1,126,102.1,,13,228,0.57,103,83.56,219,106.8,157,105,-23.24
2025,1086,Utah St.,10,64,54,0.7964,42,0.8732,69,109.2,242,108,,1.2,242,0.5407,20,98.12,156,102.62,92,53,-4.5
2025,1085,Vanderbilt,10,64,43,0.8189,37,0.8841,40,111.9,63,96.2,,15.7,176,0.5883,21,97.64,66,92.87,57,52,4.77
2025,1084,VCU,11,64,35,0.8354,29,0.896,9,116.9,110,99.4,,17.5,169,0.5819,58,89.77,38,89.03,30,30,0.74
2025,1083,Wisconsin,3,32,13,0.8895,13,0.9247,47,114.7,29,97.7,,17,53,0.7399,13,102.17,25,86.59,14,11,15.58
2025,1082,Wofford,15,64,141,0.6407,101,0.7965,71,111.4,17,94,,17.4,64,0.7242,105,83.46,294,113.38,210,115,-29.92
2025,1081,Xavier,11,64,41,0.8227,36,0.8845,72,108.8,17,92.1,,16.7,85,0.66,44,92.59,35,88.76,37,44,3.83
2025,1080,Yale,13,64,77,0.7437,84,0.8187,49,111.9,63,97.3,,14.6,144,0.603,53,91.09,104,98.21,82,73,-7.12
2024,1079,Akron,14,64,129,0.6819,130,0.7863,25,113.7,92,98.1,,15.6,67,0.6972,183,76.48,129,98.14,116,117,-21.66
2024,1078,Alabama,4,4,15,0.8868,19,0.9137,241,100.6,109,101,,-0.4,207,0.5878,1,116.9,34,89.69,17,17,27.21
2024,1077,Arizona,2,16,4,0.9672,3,0.9781,168,106.8,152,105.8,,1,309,0.483,5,107.7,4,78.96,5,8,28.74
2024,1076,Auburn,4,64,3,0.9739,1,0.9874,148,104.3,225,105.8,,-1.5,344,0.4558,8,103.28,3,78.89,2,4,24.39
2024,1075,Baylor,3,32,17,0.882,21,0.9131,92,109.7,115,102.6,,7.1,246,0.549,13,100.27,95,95.11,45,12,5.16
2024,1074,Boise St.,10,68,44,0.8291,44,0.8884,84,109.6,87,100.7,,8.9,222,0.5521,74,86.51,54,91.53,38,37,-5.02
2024,1073,BYU,6,64,18,0.8817,16,0.923,96,107.3,40,94.4,,12.9,195,0.5753,11,101.68,36,89.79,18,19,11.89
2024,1072,Clemson,6,8,30,0.8543,35,0.8999,18,116.1,30,94.9,,21.2,92,0.6639,31,93.21,89,94.57,59,35,-1.36
2024,1071,Colgate,14,64,171,0.6194,198,0.7119,40,115,141,104.3,,10.7,142,0.6032,239,72.42,147,99.76,140,145,-27.34
2024,1070,College of Charleston,13,64,96,0.7433,99,0.8224,144,106.4,152,103.8,,2.6,140,0.6162,46,90.19,152,100.01,124,101,-9.82
2024,1069,Colorado,10,32,29,0.8578,36,0.8984,47,112.1,94,99.5,,12.6,120,0.6219,24,95.53,42,90.49,27,26,5.04
2024,1068,Colorado St.,10,64,39,0.8346,40,0.8932,29,116.6,46,97.8,,18.8,7,0.7661,63,88.55,73,93.49,48,36,-4.94
2024,1067,Connecticut,1,1,1,0.9859,2,0.9818,17,118.5,49,97.1,,21.4,18,0.7509,6,106.18,21,87.29,8,2,18.89
2024,1066,Creighton,3,16,12,0.9156,12,0.9309,19,117.7,105,101.1,,16.6,54,0.7087,16,98.05,28,88.39,14,10,9.66
2024,1065,Dayton,7,32,35,0.8413,32,0.9006,60,110.8,9,90.8,,20,27,0.7316,43,90.69,153,100.15,88,25,-9.46
2024,1064,Drake,10,64,54,0.8095,51,0.8767,57,110,47,95.1,,14.9,37,0.7218,37,91.8,76,93.69,60,50,-1.89
2024,1063,Duke,4,8,8,0.9236,10,0.941,9,124.4,68,100.7,,23.7,57,0.7172,12,100.55,30,89.09,13,7,11.46
2024,1062,Duquesne,11,32,68,0.7835,75,0.8491,11,121.3,53,99.6,,21.7,76,0.7189,176,77.06,60,92.01,73,85,-14.95
2024,1061,Florida,7,64,25,0.8676,28,0.9067,21,113.8,29,92.6,,21.2,63,0.7186,7,104.74,29,88.81,24,33,15.93
2024,1060,Florida Atlantic,8,64,48,0.8256,60,0.8696,9,120.4,139,102,,18.4,65,0.7012,17,97.76,103,95.91,76,45,1.85
2024,1059,Gonzaga,5,16,13,0.9105,13,0.9288,22,116,101,101.1,,14.9,66,0.7052,10,102.2,39,89.99,18,16,12.21
2024,1058,Grambling St.,16,64,279,0.4674,284,0.609,93,106.7,26,94,,12.7,138,0.6046,313,65.35,235,106.71,255,270,-41.36
2024,1057,Grand Canyon,12,32,62,0.7916,67,0.863,211,102.3,147,103.5,,-1.2,134,0.6231,56,89.31,48,90.81,43,52,-1.5
2024,1056,Houston,1,16,5,0.9518,6,0.9599,188,103.3,45,97,,6.3,299,0.5064,44,90.69,6,79.32,2,1,11.37
2024,1055,Howard,16,68,271,0.4823,280,0.6157,157,103.9,165,102.4,,1.5,236,0.5246,179,76.98,315,112.63,307,272,-35.65
2024,1054,Illinois,3,8,11,0.9158,8,0.9435,181,104.7,133,103.8,,0.9,195,0.5756,3,110.02,51,91.26,24,11,18.76
2024,1053,Iowa St.,2,16,7,0.9248,5,0.9603,40,113.5,15,93.1,,20.4,49,0.7145,66,88.39,1,74.61,1,5,13.78
2024,1052,James Madison,12,32,59,0.7982,52,0.8764,85,107.7,41,94.6,,13.1,22,0.7373,35,92.22,44,90.52,49,66,1.7
2024,1051,Kansas,4,32,36,0.8413,71,0.8565,43,110.9,32,94.6,,16.3,88,0.6541,52,89.5,9,82.69,10,21,6.81
2024,1050,Kentucky,3,64,14,0.8962,15,0.9246,61,113.5,161,105.8,,7.7,56,0.7361,2,111.56,32,89.33,18,23,22.23
2024,1049,Long Beach St.,15,64,182,0.6,209,0.6994,72,111.3,64,98.8,,12.5,178,0.5878,102,83.57,146,99.65,149,163,-16.08
2024,1048,Longwood,16,64,166,0.6245,153,0.757,69,109.6,95,98.8,,10.8,132,0.5902,193,75.9,157,100.6,152,158,-24.7
2024,1047,Marquette,2,16,9,0.9205,9,0.9411,144,106.4,81,99.7,,6.7,257,0.5358,20,97.09,11,85.1,9,13,11.99
2024,1046,McNeese St.,12,64,66,0.7841,27,0.9071,46,111.8,26,94.2,,17.6,67,0.7003,73,86.86,108,96.66,84,58,-9.8
2024,1045,Michigan St.,9,32,20,0.8774,29,0.9048,57,112.9,2,85.6,,27.3,95,0.6463,80,86.02,17,86.18,12,18,-0.16
2024,1044,Mississippi St.,8,64,24,0.8686,23,0.9126,36,114.5,10,91.5,,23,75,0.6743,59,88.95,13,85.73,16,31,3.22
2024,1043,Montana St.,16,68,204,0.5708,183,0.7236,77,110.8,15,93.1,,17.7,82,0.6733,216,73.92,179,102.36,190,211,-28.44
2024,1042,Morehead St.,14,64,131,0.6781,114,0.8064,83,108.1,21,93.4,,14.7,91,0.6537,161,78.09,173,101.96,135,108,-23.87
2024,1041,Nebraska,8,64,28,0.8632,26,0.9106,100,109.4,8,90,,19.4,92,0.6781,32,93.05,26,88.25,18,29,4.8
2024,1040,Nevada,10,64,34,0.8426,34,0.9001,124,105.6,12,89.8,,15.8,34,0.7238,50,89.55,65,92.65,42,34,-3.1
2024,1039,New Mexico,11,64,16,0.8853,14,0.9286,61,109.1,27,94.1,,15,63,0.6753,22,96.5,8,82.66,14,30,13.84
2024,1038,North Carolina,1,16,6,0.9321,7,0.9508,24,118.9,16,94.4,,24.5,59,0.7168,15,99.19,5,79.21,6,9,19.98
2024,1037,North Carolina St.,11,4,57,0.8052,61,0.8692,27,117.5,63,100.2,,17.3,27,0.7544,47,90.18,84,93.99,72,59,-3.81
2024,1036,Northwestern,9,32,41,0.8342,46,0.8828,101,106.1,18,90.5,,15.6,41,0.7422,69,88.03,143,99.42,89,38,-11.39
2024,1035,Oakland,14,32,125,0.6909,92,0.8294,48,113.8,8,93.3,,20.5,35,0.7382,136,80.42,169,101.78,146,136,-21.36
2024,1034,Oregon,11,32,51,0.8147,65,0.8653,201,100.3,118,99.5,,0.8,184,0.5729,57,89.26,71,93.3,60,55,-4.04
2024,1033,Purdue,1,2,2,0.9794,4,0.9735,138,105,169,104,,1,325,0.4899,4,107.96,15,86.05,7,3,21.91
2024,1032,Saint Mary's,5,64,19,0.8794,18,0.915,297,96.7,143,103.4,,-6.7,298,0.5061,100,83.67,61,92.23,30,15,-8.56
2024,1031,Saint Peter's,15,64,205,0.5661,175,0.7316,215,104.2,95,102.1,,2.1,308,0.5166,328,63.4,134,98.6,157,189,-35.2
2024,1030,Samford,13,64,89,0.7592,69,0.8574,51,112.8,222,107.6,,5.2,318,0.5111,27,94.32,43,90.5,64,86,3.82
2024,1029,San Diego St.,5,16,27,0.8639,30,0.903,82,108.1,196,104,,4.1,329,0.4701,75,86.45,12,85.45,11,20,1
2024,1028,South Carolina,6,64,47,0.8262,33,0.9004,31,112.7,138,100.5,,12.2,234,0.5336,86,85.2,118,97.41,83,47,-12.21
2024,1027,South Dakota St.,15,64,132,0.6755,128,0.7879,64,110.2,198,106,,4.2,240,0.5594,134,80.47,168,101.66,142,132,-21.19
2024,1026,Stetson,16,64,234,0.5255,259,0.6477,90,109.9,164,105.3,,4.6,258,0.5442,127,81.02,350,117.96,289,220,-36.94
2024,1025,TCU,9,64,31,0.8526,43,0.89,26,117.8,40,98.9,,18.9,67,0.7264,29,93.61,18,86.63,22,39,6.98
2024,1024,Tennessee,2,8,10,0.9169,11,0.9349,18,114.2,27,92.3,,21.9,44,0.7378,21,96.73,2,77.35,4,6,19.38
2024,1023,Texas,7,32,23,0.8696,31,0.9025,97,109.1,26,95.1,,14,61,0.7004,23,95.83,70,93.16,40,24,2.67
2024,1022,Texas A&M,9,32,37,0.8409,50,0.8787,120,108,35,95.5,,12.5,31,0.7324,41,90.72,78,93.8,56,43,-3.08
2024,1021,Texas Tech,6,64,26,0.8664,20,0.9135,90,107.5,23,92.3,,15.2,10,0.7472,30,93.52,72,93.44,40,22,0.08
2024,1020,UAB,12,64,101,0.7302,112,0.8075,134,104.3,57,96.3,,8,72,0.6645,65,88.44,198,104.01,144,106,-15.57
2024,1019,Utah St.,8,32,53,0.8119,45,0.8867,40,116.9,43,98.4,,18.5,88,0.6666,34,92.38,63,92.52,50,49,-0.14
2024,1018,Vermont,13,64,114,0.7047,118,0.8041,45,115,37,98.7,,16.3,50,0.7421,201,75.12,112,97.03,104,102,-21.91
2024,1017,Virginia,10,68,98,0.7355,111,0.8075,25,113.7,72,97.7,,16,90,0.6534,288,68.13,66,92.69,55,54,-24.56
2024,1016,Wagner,16,64,305,0.4272,298,0.5874,6,118.9,97,98.4,,20.5,68,0.6961,354,57.42,299,111.04,312,300,-53.62
2024,1015,Washington St.,7,32,45,0.829,42,0.8918,26,113,199,103.8,,9.2,64,0.6728,84,85.82,49,90.9,38,42,-5.08
2024,1014,Western Kentucky,15,64,127,0.6854,107,0.812,15,122,82,101.8,,20.2,55,0.7192,97,84.04,22,87.45,80,137,-3.41
2024,1013,Wisconsin,5,64,22,0.873,25,0.9119,1,127.1,9,93.8,,33.3,68,0.726,28,93.95,91,94.65,44,14,-0.7
2024,1012,Yale,13,32,82,0.7648,89,0.8386,7,119.5,15,93.7,,25.8,26,0.7562,121,81.59,137,98.98,102,76,-17.39
2023,1011,Alabama,1,16,3,0.9631,3,0.9755,23,114,34,94.4,,19.6,64,0.6812,9,98.16,2,71.67,3,4,26.49
2023,1010,Arizona,2,64,5,0.9543,6,0.9578,18,114.2,24,91.7,,22.5,47,0.7353,2,104.94,15,82.99,8,12,21.95
2023,1009,Arizona St.,11,64,56,0.8075,65,0.8636,56,112.2,11,92.7,,19.5,78,0.6818,117,80.04,24,84.75,40,71,-4.71
2023,1008,Arkansas,8,16,16,0.8882,19,0.9111,61,111.5,10,91.8,,19.7,54,0.7159,36,88.89,11,81.85,11,24,7.04
2023,1007,Auburn,9,32,24,0.8646,29,0.8904,43,110.9,55,96.1,,14.8,10,0.7264,49,87.23,26,85.36,26,32,1.87
2023,1006,Baylor,3,32,15,0.8885,24,0.8987,35,117.3,42,98.1,,19.2,30,0.7484,6,100.78,112,96.22,62,15,4.56
2023,1005,Boise St.,10,64,41,0.8348,31,0.89,12,121.1,27,97.1,,24,30,0.7527,88,82.52,27,85.45,22,29,-2.93
2023,1004,Colgate,15,64,100,0.7314,104,0.817,25,115.2,19,94.1,,21.1,10,0.7755,54,86.78,220,104.92,163,113,-18.14
2023,1003,College of Charleston,12,64,71,0.7913,50,0.8733,121,105.6,16,91.8,,13.8,39,0.6995,44,87.88,45,88.95,58,76,-1.07
2023,1002,Connecticut,4,1,2,0.964,1,0.9852,14,115.1,38,93.5,,21.6,52,0.7311,10,97.82,20,83.84,7,6,13.98
2023,1001,Creighton,6,8,14,0.8917,16,0.9196,25,117.2,64,99.2,,18,37,0.7358,22,91.24,13,82.64,8,14,8.6
2023,1000,Drake,12,64,69,0.7936,76,0.8523,31,116.3,41,96.1,,20.2,34,0.7273,112,80.45,58,91.04,57,61,-10.59
2023,999,Duke,5,32,19,0.8827,23,0.8998,1,126.1,94,100.7,,25.4,46,0.7217,69,84.26,42,88.51,27,17,-4.25
2023,998,Fairleigh Dickinson,16,32,304,0.4234,276,0.6205,5,119.6,74,96.9,,22.7,84,0.6838,136,78.08,357,119.97,342,310,-41.89
2023,997,Florida Atlantic,9,4,22,0.8732,12,0.9257,4,119.4,167,102.6,,16.8,109,0.6374,31,89.74,31,86.48,22,25,3.26
2023,996,Furman,13,32,92,0.7558,98,0.825,12,116.8,140,101.5,,15.3,118,0.608,30,89.78,172,100.75,123,90,-10.97
2023,995,Gonzaga,3,8,7,0.9396,11,0.9312,21,117.4,101,101.9,,15.5,115,0.6299,1,110.01,39,88.18,19,9,21.83
2023,994,Grand Canyon,14,64,110,0.7145,110,0.8016,8,120.8,162,103.5,,17.3,108,0.6376,81,83.17,237,106.07,171,108,-22.9
2023,993,Houston,1,16,1,0.9852,2,0.9807,33,112.6,133,100.9,,11.7,257,0.5345,23,90.8,1,52.34,1,1,38.46
2023,992,Howard,16,64,236,0.5254,223,0.682,32,111.6,140,101.1,,10.5,208,0.5556,161,76.4,151,99.31,185,214,-22.91
2023,991,Illinois,9,64,36,0.8394,47,0.8747,21,118.9,86,101.4,,17.5,84,0.7095,51,87.17,25,85.27,28,36,1.9
2023,990,Indiana,4,32,27,0.8517,44,0.878,45,113.1,49,97.1,,16,78,0.6717,27,90,43,88.61,33,33,1.39
2023,989,Iona,13,64,62,0.8016,52,0.8727,129,107.2,18,93.7,,13.5,79,0.681,67,84.69,55,90.73,63,75,-6.04
2023,988,Iowa,8,64,40,0.8349,51,0.8728,71,109.1,39,95,,14.1,97,0.6474,5,101.01,134,98.3,82,40,2.71
2023,987,Iowa St.,6,64,29,0.8481,26,0.8936,35,113.9,94,100.7,,13.2,81,0.6882,124,79.48,17,83.63,11,18,-4.15
2023,986,Kansas,1,32,8,0.934,9,0.9433,104,106.4,199,104.2,,2.2,195,0.5487,20,92.08,5,78.42,6,10,13.66
2023,985,Kansas St.,3,8,32,0.8455,32,0.8891,58,111.7,196,106.6,,5.1,177,0.592,34,89.54,9,81.46,13,27,8.08
2023,984,Kennesaw St.,14,64,116,0.6998,100,0.8235,71,108.1,177,102.9,,5.2,158,0.5899,135,78.19,104,95.56,109,128,-17.37
2023,983,Kent St.,13,64,64,0.7972,54,0.8722,89,111.8,41,97.8,,14,149,0.5929,101,81.41,29,86.27,45,74,-4.86
2023,982,Kentucky,6,32,25,0.8612,43,0.8783,32,116.6,90,101.6,,15,114,0.6512,19,92.14,88,94.26,52,23,-2.12
2023,981,Louisiana Lafayette,13,64,95,0.7396,95,0.8287,88,110.3,43,97.2,,13.1,200,0.5843,57,86.5,136,98.37,106,92,-11.87
2023,980,Marquette,2,32,9,0.9321,4,0.9669,23,113.6,124,99.8,,13.8,169,0.5883,8,99.07,34,87.44,18,11,11.63
2023,979,Maryland,8,32,30,0.8467,27,0.8922,93,106.8,220,105,,1.8,240,0.5284,74,84.08,66,91.65,36,16,-7.57
2023,978,Memphis,8,64,11,0.913,10,0.9359,3,128.9,4,89.7,,39.2,48,0.7296,16,95.48,10,81.85,14,28,13.63
2023,977,Miami FL,5,4,26,0.8525,28,0.8915,7,122.6,22,96.6,,26,69,0.7257,12,96.43,118,96.83,78,47,-0.4
2023,976,Michigan St.,7,16,37,0.839,45,0.8769,40,113.5,21,94.2,,19.3,62,0.7266,73,84.08,69,91.87,42,30,-7.79
2023,975,Mississippi St.,11,68,58,0.8037,61,0.8649,7,120,47,95.9,,24.1,49,0.692,212,72.27,23,84.38,30,46,-12.11
2023,974,Missouri,7,32,45,0.8296,42,0.8783,7,121,6,88.1,,32.9,5,0.7905,7,99.96,132,98.13,85,54,1.83
2023,973,Montana St.,14,64,96,0.7384,96,0.8279,4,123,6,92.8,,30.2,18,0.7563,189,74.49,83,93.88,90,109,-19.39
2023,972,Nevada,11,68,67,0.7948,37,0.8837,9,122,39,95.8,,26.2,12,0.7586,83,83.1,64,91.57,48,42,-8.47
2023,971,North Carolina St.,11,64,33,0.8447,25,0.898,3,122.3,81,99.7,,22.6,4,0.763,24,90.57,67,91.65,61,59,-1.08
2023,970,Northern Kentucky,16,64,182,0.611,178,0.7275,2,125.3,33,94.7,,30.6,17,0.7418,278,67.45,221,104.94,197,160,-37.49
2023,969,Northwestern,7,32,31,0.846,21,0.9039,2,125.1,73,99.2,,25.9,7,0.7517,151,76.95,33,87.39,31,39,-10.44
2023,968,Oral Roberts,12,64,73,0.7888,66,0.8633,4,120.8,31,93.2,,27.6,7,0.7536,17,94.02,74,92.57,69,63,1.45
2023,967,Penn St.,10,32,47,0.8277,35,0.885,6,117.8,67,97,,20.8,1,0.744,41,88.11,175,101.03,101,37,-12.92
2023,966,Pittsburgh,11,32,72,0.7908,59,0.8664,157,106.8,28,97.4,,9.4,90,0.6917,26,90.28,143,98.82,105,77,-8.54
2023,965,Princeton,15,16,98,0.7322,85,0.8436,103,108.4,52,97.3,,11.1,157,0.586,102,81.34,131,98.04,112,112,-16.7
2023,964,Providence,11,64,42,0.8338,33,0.8878,62,111.4,240,108.8,,2.6,267,0.5239,18,93.37,108,95.86,74,48,-2.49
2023,963,Purdue,1,64,10,0.9315,7,0.9526,86,107.5,151,101.2,,6.3,220,0.5406,21,91.48,54,90.67,24,3,0.81
2023,962,Saint Mary's,5,32,20,0.8806,14,0.9223,46,112.2,291,110.2,,2,257,0.5297,95,81.85,32,86.62,16,8,-4.77
2023,961,San Diego St.,5,2,17,0.8864,18,0.9119,161,105.5,361,118.8,,-13.3,363,0.4234,79,83.33,14,82.94,8,13,0.39
2023,960,Southeast Missouri St.,16,68,262,0.4872,253,0.6557,142,105.9,289,110.6,,-4.7,330,0.4904,180,75.19,122,97.37,188,248,-22.18
2023,959,TCU,6,32,28,0.8498,34,0.8858,165,105.1,334,115.7,,-10.6,327,0.4697,35,89.49,8,81.44,15,31,8.05
2023,958,Tennessee,4,16,12,0.8989,20,0.9073,1,130,9,92.5,,37.5,22,0.7543,71,84.1,4,77.96,4,5,6.14
2023,957,Texas,2,8,6,0.9411,8,0.9455,12,121.1,93,101.8,,19.3,31,0.7526,15,95.61,6,78.88,5,7,16.73
2023,956,Texas A&M,7,64,23,0.8684,22,0.9017,45,110.6,34,93.1,,17.5,21,0.7655,40,88.28,41,88.47,29,22,-0.19
2023,955,Texas A&M Corpus Chris,16,64,188,0.6023,182,0.7256,62,110.4,14,91.5,,18.9,13,0.7825,100,81.46,174,100.85,170,170,-19.39
2023,954,Texas Southern,16,68,275,0.4647,279,0.6151,37,115.3,22,95.8,,19.5,21,0.7516,295,65.92,142,98.8,219,278,-32.88
2023,953,UC Santa Barbara,14,64,115,0.7035,131,0.7819,29,116.9,4,89.7,,27.2,13,0.7584,108,80.87,216,104.57,150,100,-23.7
2023,952,UCLA,2,16,4,0.9564,5,0.9614,20,116.7,3,87.8,,28.9,26,0.7347,37,88.83,3,75.7,2,2,13.13
2023,951,UNC Asheville,15,64,185,0.6059,183,0.7252,8,118.3,4,85.7,,32.6,57,0.7012,191,74.43,113,96.3,120,146,-21.87
2023,950,USC,10,64,43,0.8337,40,0.881,3,120.2,122,100,,20.2,37,0.6997,47,87.72,44,88.79,36,38,-1.07
2023,949,Utah St.,10,64,21,0.8781,17,0.9179,16,119.6,114,103.4,,16.2,93,0.6889,14,95.79,51,90.14,31,21,5.65
2023,948,VCU,12,64,61,0.8022,63,0.8647,30,114.6,35,95.9,,18.7,126,0.6393,130,78.63,21,83.97,34,56,-5.34
2023,947,Vermont,15,64,113,0.7113,120,0.7924,87,109.1,169,104.4,,4.7,269,0.5331,127,78.89,205,103.69,150,111,-24.8
2023,946,Virginia,4,64,38,0.8384,48,0.8745,199,102.6,171,104.5,,-1.9,225,0.5527,148,77.11,79,93.21,46,26,-16.1
2023,945,West Virginia,9,64,18,0.8856,15,0.9208,149,103.8,130,100.7,,3.1,250,0.5405,13,95.9,37,87.83,24,20,8.07
2023,944,Xavier,3,16,13,0.8981,13,0.9248,11,116.7,53,94.9,,21.8,48,0.7342,3,102.26,35,87.67,20,19,14.59
2022,943,Akron,13,64,125,0.6515,113,0.7699,29,113.7,9,90.2,,23.5,28,0.7649,188,71.93,262,103.57,198,128,-31.64
2022,942,Alabama,6,64,20,0.8184,26,0.8747,26,116.7,85,100.6,,16.1,54,0.7119,6,98.82,32,84.73,25,30,14.09
2022,941,Arizona,1,16,2,0.9117,2,0.9637,24,117.7,26,94.1,,23.6,27,0.7341,2,104.37,9,76.65,4,6,27.72
2022,940,Arkansas,4,8,22,0.8154,22,0.8788,79,107.6,10,89.8,,17.8,8,0.7278,22,88.86,10,77.09,13,23,11.77
2022,939,Auburn,2,32,12,0.8538,12,0.9091,123,107.5,98,100.6,,6.9,124,0.6288,11,92.14,5,73.89,6,12,18.25
2022,938,Baylor,1,32,6,0.8885,7,0.9277,32,114.5,188,106,,8.5,252,0.5528,10,95.25,13,80.3,5,3,14.95
2022,937,Boise St.,8,64,31,0.7919,25,0.8756,112,107.3,256,108.8,,-1.5,260,0.5502,120,76.33,34,85.52,21,25,-9.19
2022,936,Bryant,16,68,209,0.5368,204,0.6735,79,110.6,40,96.3,,14.3,78,0.6901,96,78.4,148,95.18,163,183,-16.78
2022,935,Cal St. Fullerton,15,64,178,0.5695,170,0.7155,77,108.3,37,93.4,,14.9,24,0.7627,174,72.85,198,99.23,169,148,-26.38
2022,934,Chattanooga,13,64,76,0.7296,63,0.8422,36,113.4,21,93.4,,20,3,0.761,86,79.32,142,94.84,99,69,-15.52
2022,933,Colgate,14,64,138,0.6297,159,0.7299,72,108.6,2,85.4,,23.2,19,0.7393,85,79.36,204,99.81,158,120,-20.45
2022,932,Colorado St.,6,64,40,0.7762,41,0.8557,54,109.8,9,89.7,,20.1,14,0.7217,35,85.67,124,93.83,69,29,-8.16
2022,931,Connecticut,5,64,18,0.8202,20,0.8811,52,115.8,22,95.7,,20.1,35,0.7413,29,86.99,43,86.54,22,17,0.45
2022,930,Creighton,9,32,57,0.7577,60,0.8445,67,109.6,26,93.7,,15.9,21,0.736,127,75.91,18,81.65,33,56,-5.74
2022,929,Davidson,10,64,42,0.7727,24,0.8763,208,101.1,108,99.6,,1.5,184,0.5577,18,89.6,202,99.57,120,36,-9.97
2022,928,Delaware,15,64,118,0.6586,100,0.7851,103,108,135,102.5,,5.5,105,0.6466,110,77.35,216,100.51,177,146,-23.16
2022,927,Duke,2,4,7,0.8852,8,0.927,101,109.1,106,102.1,,7,231,0.5586,9,97.28,42,86.47,20,11,10.81
2022,926,Georgia St.,16,64,147,0.6151,151,0.7324,64,109.9,105,100.1,,9.8,200,0.5599,210,69.85,109,93.1,126,151,-23.25
2022,925,Gonzaga,1,16,1,0.9901,1,0.9877,25,113.5,55,95,,18.5,64,0.7181,1,109.45,1,71.11,1,1,38.34
2022,924,Houston,5,8,3,0.9008,3,0.9444,10,124.3,30,96.3,,28,69,0.6941,15,90.15,25,83.06,10,2,7.09
2022,923,Illinois,4,32,15,0.8379,23,0.8787,10,121.7,53,99.6,,22.1,111,0.6538,25,88.2,29,84.4,16,18,3.8
2022,922,Indiana,12,64,27,0.8042,31,0.872,1,125.1,74,99.7,,25.4,48,0.738,94,78.52,22,82.62,22,38,-4.1
2022,921,Iowa,5,64,10,0.8615,6,0.9281,1,123,7,89.1,,33.9,89,0.6539,3,103.93,49,87.28,27,14,16.65
2022,920,Iowa St.,11,16,45,0.7707,16,0.89,1,127.2,15,90.1,,37.1,91,0.687,167,73.23,14,80.31,25,48,-7.08
2022,919,Jacksonville St.,15,64,126,0.6488,125,0.7561,1,125.9,15,91.9,,34,77,0.6883,164,73.39,218,100.59,178,145,-27.2
2022,918,Kansas,1,1,4,0.9001,5,0.9314,11,120.1,16,95,,25.1,112,0.6309,5,99.13,21,82.41,12,9,16.72
2022,917,Kentucky,2,64,5,0.8919,4,0.9385,6,122.1,2,87.6,,34.5,106,0.6347,4,100.15,20,82.26,8,4,17.89
2022,916,Longwood,14,64,159,0.5995,139,0.743,21,117.3,48,97.2,,20.1,98,0.6487,128,75.62,205,99.92,172,144,-24.3
2022,915,Loyola Chicago,10,64,29,0.8009,32,0.8719,6,122.2,17,93,,29.2,76,0.6827,73,80.69,39,86.31,24,22,-5.62
2022,914,LSU,6,64,21,0.8161,18,0.8885,39,113.7,16,92.9,,20.8,82,0.6882,59,81.91,4,73.83,9,21,8.08
2022,913,Marquette,9,64,65,0.7479,62,0.8434,3,121.2,18,91.2,,30,91,0.6791,34,86.17,23,82.78,39,58,3.39
2022,912,Memphis,9,32,28,0.8022,48,0.8517,35,111.4,32,94.6,,16.8,116,0.633,28,87,15,80.59,18,35,6.41
2022,911,Miami FL,10,8,49,0.7686,38,0.8594,299,98.6,193,107.3,,-8.7,327,0.4978,21,88.92,167,97.12,113,61,-8.2
2022,910,Michigan,11,16,26,0.8053,51,0.8505,135,108.6,75,101.3,,7.3,212,0.5475,26,88.05,89,91.75,54,32,-3.7
2022,909,Michigan St.,7,32,35,0.7838,46,0.8529,61,113.5,48,99.4,,14.1,180,0.5868,41,84.26,53,87.86,41,39,-3.6
2022,908,Montana St.,14,64,134,0.6362,107,0.7784,55,112.4,197,106.5,,5.9,122,0.6437,131,75.33,104,93.03,115,127,-17.7
2022,907,Murray St.,7,32,46,0.7704,37,0.8619,146,103.1,64,95.7,,7.4,183,0.5731,44,83.89,47,86.76,31,26,-2.87
2022,906,New Mexico St.,12,32,84,0.7103,81,0.8121,99,109,181,105.2,,3.8,175,0.5842,91,78.88,76,89.99,73,82,-11.11
2022,905,Norfolk St.,16,64,202,0.5437,172,0.7145,245,100,220,107.7,,-7.7,345,0.4365,153,73.95,113,93.26,136,168,-19.31
2022,904,North Carolina,8,2,25,0.8089,29,0.8737,298,96.1,198,105.5,,-9.4,338,0.4649,17,89.75,38,86,30,33,3.75
2022,903,Notre Dame,11,32,48,0.7691,55,0.8485,251,97.3,120,99.6,,-2.3,295,0.4931,50,82.67,121,93.69,81,49,-11.02
2022,902,Ohio St.,7,32,32,0.787,61,0.8439,178,103,35,94.9,,8.1,146,0.6022,20,88.93,181,98.22,98,27,-9.29
2022,901,Providence,4,16,47,0.7694,49,0.8512,49,112.4,29,95.1,,17.3,176,0.5928,49,82.76,102,92.99,63,45,-10.23
2022,900,Purdue,3,16,14,0.844,17,0.8887,80,107.9,145,101.5,,6.4,145,0.6097,7,97.94,120,93.64,58,13,4.3
2022,899,Richmond,12,32,81,0.7186,86,0.8033,70,108.2,21,93.6,,14.6,201,0.5611,77,80.41,100,92.9,87,85,-12.49
2022,898,Rutgers,11,68,92,0.6922,102,0.7836,104,108.3,41,96.6,,11.7,168,0.588,143,74.38,75,89.62,63,72,-15.24
2022,897,Saint Mary's,5,32,23,0.8115,19,0.8835,30,118.3,212,109,,9.3,286,0.5148,88,79.02,17,81.6,13,16,-2.58
2022,896,Saint Peter's,15,8,128,0.6469,115,0.7683,309,96.2,233,108.4,,-12.2,283,0.5193,274,65.36,40,86.36,74,119,-21
2022,895,San Diego St.,8,64,37,0.7807,42,0.855,12,123.2,1,87.3,,35.9,10,0.7771,199,70.7,8,76.28,11,20,-5.58
2022,894,San Francisco,10,64,16,0.8299,14,0.9013,19,119.2,2,86.7,,32.5,17,0.7608,32,86.65,11,79.07,15,24,7.58
2022,893,Seton Hall,8,64,39,0.7776,47,0.8519,12,118.1,3,88.7,,29.4,86,0.7021,70,80.79,24,82.96,28,40,-2.17
2022,892,South Dakota St.,13,64,77,0.7243,73,0.827,10,117.7,10,90.2,,27.5,80,0.6644,8,97.51,158,96.3,117,76,1.21
2022,891,TCU,9,32,33,0.7861,28,0.8741,7,119.4,11,89.7,,29.7,96,0.6732,93,78.66,31,84.62,29,37,-5.96
2022,890,Tennessee,3,32,8,0.8684,9,0.9179,21,114.8,13,91.4,,23.4,85,0.6776,37,85.29,3,72.78,2,8,12.51
2022,889,Texas,6,32,19,0.8189,34,0.8699,30,116.4,15,94.9,,21.5,96,0.6458,78,80.25,35,85.54,18,15,-5.29
2022,888,Texas A&M Corpus Chris,16,68,230,0.5008,193,0.6897,200,105,333,114.1,,-9.1,350,0.476,241,67.46,108,93.07,173,242,-25.61
2022,887,Texas Southern,16,64,190,0.5579,173,0.7145,196,103.6,209,107,,-3.4,310,0.5173,257,66.71,80,90.77,129,188,-24.06
2022,886,Texas Tech,3,16,13,0.853,10,0.9116,13,122.9,46,98.7,,24.2,15,0.7676,65,81.2,2,72.53,3,10,8.67
2022,885,UAB,12,64,59,0.7552,66,0.8411,3,126.3,90,101.6,,24.7,22,0.7574,23,88.77,55,88.14,47,52,0.63
2022,884,UCLA,4,16,9,0.8671,13,0.9084,54,112.6,35,95.9,,16.7,63,0.7255,14,90.52,16,81.47,7,7,9.05
2022,883,USC,7,64,36,0.7837,50,0.8507,22,114.1,33,94.3,,19.8,15,0.7175,54,82.31,54,88.08,44,42,-5.77
2022,882,Vermont,13,64,70,0.7391,67,0.8406,6,119.9,8,89,,30.9,8,0.7739,82,79.96,122,93.75,84,51,-13.79
2022,881,Villanova,2,4,11,0.8613,11,0.9111,50,110.8,47,95.1,,15.7,2,0.7674,19,89.3,70,89.21,35,5,0.09
2022,880,Virginia Tech,11,64,17,0.8253,15,0.8967,29,114.9,41,97.1,,17.8,24,0.7572,48,82.86,132,94.21,68,19,-11.35
2022,879,Wisconsin,3,32,24,0.8094,19,0.8844,84,107.9,21,92.8,,15.1,31,0.7039,60,81.84,46,86.7,36,31,-4.86
2022,878,Wright St.,16,64,200,0.5465,229,0.6522,6,121.5,53,97.6,,23.9,71,0.6867,98,78.28,248,102.45,216,182,-24.17
2022,877,Wyoming,12,68,71,0.7374,60,0.7374,10,119.7,182,104.9,,14.8,57,0.7047,79,80.24,85,91.45,60,55,-11.21
2022,876,Yale,14,64,149,0.6137,163,0.7272,1,123.8,25,92.6,,31.2,17,0.7405,184,72.36,69,89.12,106,147,-16.76
2021,875,Abilene Christian,14,32,95,0.7231,90,0.8362,4,119.4,67,97,,22.4,34,0.7023,127,76.04,15,78.72,45,86,-2.68
2021,874,Alabama,2,16,10,0.8669,10,0.9282,78,110.9,67,99.1,,11.8,224,0.5691,10,93.8,1,67.18,3,13,26.62
2021,873,Appalachian St.,16,68,229,0.4996,224,0.6682,201,100.3,138,100.5,,-0.2,303,0.4867,259,65.28,261,101.76,237,208,-36.48
2021,872,Arkansas,3,8,20,0.8479,14,0.9196,131,106.3,266,109.5,,-3.2,288,0.5255,11,93.66,4,71.06,7,27,22.6
2021,871,Baylor,1,1,4,0.9092,6,0.9417,79,110.8,223,108.2,,2.6,225,0.5618,3,106.69,30,81.45,10,5,25.24
2021,870,BYU,6,64,17,0.8565,12,0.9262,67,110.7,213,107.1,,3.6,209,0.5627,22,90.04,17,79.04,16,24,11
2021,869,Clemson,7,64,61,0.7779,68,0.862,79,110.7,134,102.9,,7.8,196,0.5687,145,74.09,53,83.61,37,37,-9.52
2021,868,Cleveland St.,15,64,179,0.5951,162,0.7451,15,115.7,266,108,,7.7,139,0.6145,214,68.82,155,92.91,148,150,-24.09
2021,867,Colgate,14,64,47,0.7988,19,0.9137,14,115.8,191,103.6,,12.2,184,0.5718,24,88.77,95,88.75,87,85,0.02
2021,866,Colorado,5,32,12,0.8646,8,0.9328,3,121.2,171,105.1,,16.1,37,0.7468,35,86.72,63,84.82,32,16,1.9
2021,865,Connecticut,7,64,11,0.8664,11,0.9278,2,122.7,81,98.1,,24.6,53,0.6883,44,85.73,49,83.02,28,14,2.71
2021,864,Creighton,5,16,18,0.85,26,0.9024,2,123.6,47,94.7,,28.9,35,0.7473,15,91.79,36,81.94,23,21,9.85
2021,863,Drake,11,64,70,0.7594,55,0.8718,15,117.4,121,101.6,,15.8,35,0.7596,39,85.98,172,94.67,109,50,-8.69
2021,862,Drexel,16,64,133,0.6473,134,0.786,25,116.5,24,95,,21.5,45,0.7168,132,75.7,299,104.77,220,144,-29.07
2021,861,Eastern Washington,14,64,83,0.739,67,0.8625,31,113.9,30,94.5,,19.4,42,0.7171,64,82.65,116,90.38,113,111,-7.73
2021,860,Florida,7,32,30,0.8294,40,0.8875,4,121.6,85,100.1,,21.5,50,0.7193,34,87.06,23,80.43,27,38,6.63
2021,859,Florida St.,4,16,19,0.8492,24,0.9051,19,120.2,9,92.5,,27.7,34,0.7424,8,95.4,40,82.13,25,19,13.27
2021,858,Georgetown,12,64,42,0.802,30,0.9006,52,114.1,1,86.4,,27.7,70,0.7247,77,81.35,29,81.35,35,57,0
2021,857,Georgia Tech,9,64,33,0.826,28,0.9009,95,109.7,8,91.1,,18.6,9,0.7784,32,87.35,65,85.56,42,30,1.79
2021,856,Gonzaga,1,2,1,0.9916,1,0.9945,151,104.2,11,90.5,,13.7,37,0.7011,1,119.72,3,70.5,1,1,49.22
2021,855,Grand Canyon,15,64,81,0.7415,56,0.8702,10,119.6,55,97.1,,22.5,40,0.7566,172,71.57,110,89.84,106,108,-18.27
2021,854,Hartford,16,64,201,0.5444,188,0.7175,11,121.1,45,96.8,,24.3,5,0.7634,274,63.17,184,95.72,184,189,-32.55
2021,853,Houston,2,4,5,0.9085,4,0.9574,4,122.1,92,100.2,,21.9,7,0.7566,12,93.3,28,81.33,7,3,11.97
2021,852,Illinois,1,32,2,0.9282,2,0.9702,7,121.3,62,97,,24.3,15,0.7419,5,101.28,5,72.64,2,4,28.64
2021,851,Iona,15,64,128,0.6509,109,0.8136,13,118.6,44,96.6,,22,5,0.7542,192,70.34,153,92.85,158,178,-22.51
2021,850,Iowa,2,32,3,0.9111,3,0.9588,7,118.4,140,101.2,,17.2,82,0.688,2,108.23,34,81.73,15,6,26.5
2021,849,Kansas,3,32,25,0.8355,41,0.8869,27,112.6,60,96.4,,16.2,44,0.6937,55,83.37,9,75.26,9,23,8.11
2021,848,Liberty,13,64,96,0.7213,76,0.8505,140,104.6,173,103,,1.6,261,0.5145,104,78.13,253,101.25,162,90,-23.12
2021,847,Loyola Chicago,8,16,22,0.8452,17,0.9149,174,104.3,163,104.3,,0,257,0.5392,111,77.36,18,79.46,5,8,-2.1
2021,846,LSU,8,32,31,0.829,25,0.9025,54,114,81,101.1,,12.9,299,0.5213,4,104.4,80,87.36,53,31,17.04
2021,845,Maryland,10,32,39,0.8107,38,0.8914,232,99,137,101,,-2,196,0.5734,84,80.76,62,84.8,37,28,-4.04
2021,844,Michigan,1,8,6,0.9031,5,0.9458,40,116.9,11,93.1,,23.8,6,0.786,7,96.35,12,77.39,3,2,18.96
2021,843,Michigan St.,11,68,97,0.7211,132,0.7873,59,113.6,12,94.2,,19.4,9,0.7799,96,79.14,32,81.6,36,56,-2.46
2021,842,Missouri,9,64,35,0.8229,31,0.8983,27,115.1,9,91.3,,23.8,1,0.8131,45,85.71,48,82.95,46,54,2.76
2021,841,Morehead St.,14,64,136,0.6443,111,0.8132,6,120.4,29,93.8,,26.6,2,0.7541,234,67.39,96,88.82,109,126,-21.43
2021,840,Mount St. Mary's,16,68,217,0.5143,210,0.6884,59,109.5,5,88.4,,21.1,22,0.7629,322,58.04,241,100.12,232,217,-42.08
2021,839,Norfolk St.,16,64,198,0.55,202,0.7008,34,113.4,18,92.3,,21.1,1,0.8215,155,72.93,169,94.21,179,196,-21.28
2021,838,North Carolina,8,64,36,0.8226,44,0.8841,7,121.6,43,97.5,,24.1,2,0.7804,33,87.15,6,74.54,10,29,12.61
2021,837,North Texas,13,32,75,0.7511,85,0.8402,6,122.1,34,95.3,,26.8,3,0.7731,162,72.25,88,87.72,73,66,-15.47
2021,836,Ohio,13,32,62,0.7733,47,0.8778,6,121.5,5,90.4,,31.1,2,0.7759,17,91.57,131,91.09,102,82,0.48
2021,835,Ohio St.,2,64,7,0.8751,13,0.9242,22,115,8,90.4,,24.6,1,0.7939,6,101,100,89.16,50,7,11.84
2021,834,Oklahoma,8,32,45,0.7999,57,0.8698,5,121.5,28,95,,26.5,1,0.7901,41,85.89,57,84.12,43,40,1.77
2021,833,Oklahoma St.,4,32,29,0.8317,27,0.9023,21,114.7,5,88.2,,26.5,40,0.7201,26,88.2,8,75.25,17,36,12.95
2021,832,Oral Roberts,15,16,144,0.6351,133,0.7868,11,116,7,89.1,,26.9,6,0.7281,40,85.94,208,97.69,176,152,-11.75
2021,831,Oregon,7,16,28,0.8333,36,0.8925,42,113.4,25,94.4,,19,16,0.7627,23,88.89,92,88.65,63,34,0.24
2021,830,Oregon St.,12,8,66,0.7709,45,0.8811,105,107.9,4,87.1,,20.8,27,0.765,101,78.44,179,95.29,125,81,-16.85
2021,829,Purdue,4,64,23,0.8441,20,0.9132,63,111.8,35,96.9,,14.9,40,0.7303,37,86.22,39,82.11,20,12,4.11
2021,828,Rutgers,10,32,52,0.7918,66,0.8633,55,111.9,27,94.3,,17.6,25,0.7412,82,80.89,16,78.87,19,32,2.02
2021,827,San Diego St.,6,64,9,0.8673,7,0.9361,97,109.6,23,94.3,,15.3,36,0.7271,71,82.13,19,79.46,13,18,2.67
2021,826,St. Bonaventure,9,64,27,0.8335,15,0.9186,27,113.6,42,94.7,,18.9,59,0.7006,85,80.74,47,82.91,29,17,-2.17
2021,825,Syracuse,11,16,54,0.7905,69,0.8596,54,109.8,16,91.7,,18.1,41,0.6982,21,90.2,85,87.57,65,44,2.63
2021,824,Tennessee,5,64,15,0.8583,16,0.9153,149,106.2,118,102.8,,3.4,184,0.5918,76,81.46,7,74.73,6,22,6.73
2021,823,Texas,3,64,8,0.8678,18,0.914,107,108.5,39,96.8,,11.7,198,0.5849,20,90.22,31,81.46,22,25,8.76
2021,822,Texas Southern,16,64,197,0.5502,198,0.7095,171,104.4,129,102.9,,1.5,190,0.5713,165,71.97,160,93.37,189,221,-21.4
2021,821,Texas Tech,6,32,21,0.8477,34,0.8954,7,124.6,56,99.5,,25.1,5,0.7885,49,84.55,37,82,23,20,2.55
2021,820,UC Santa Barbara,12,64,65,0.7712,35,0.8934,5,124.5,117,103.5,,21,56,0.7361,92,79.59,119,90.55,88,64,-10.96
2021,819,UCLA,11,4,40,0.8067,46,0.8779,15,117.7,68,99.2,,18.5,46,0.7387,52,83.93,158,93.26,93,39,-9.33
2021,818,UNC Greensboro,13,64,113,0.6827,137,0.7799,5,120.7,28,93.5,,27.2,40,0.6983,122,76.24,60,84.39,76,102,-8.15
2021,817,USC,6,8,14,0.8606,9,0.9309,12,118.6,9,90.2,,28.4,22,0.7725,38,86.09,21,80.21,12,15,5.88
2021,816,Utah St.,11,64,50,0.7943,42,0.8857,21,117.4,23,95.9,,21.5,4,0.7745,108,77.68,11,76.01,21,41,1.67
2021,815,VCU,10,64,51,0.7924,37,0.8918,14,120.2,15,92.2,,28,21,0.746,103,78.22,10,75.63,25,49,2.59
2021,814,Villanova,5,16,34,0.8242,49,0.8761,1,123.9,49,97.3,,26.6,22,0.7354,13,93.18,107,89.63,56,11,3.55
2021,813,Virginia,4,64,24,0.8395,32,0.8982,5,122.3,2,83.9,,38.4,20,0.7366,79,81.29,151,92.83,75,9,-11.54
2021,812,Virginia Tech,10,64,56,0.7858,63,0.8662,19,116.9,29,95.1,,21.8,18,0.7408,87,80.53,84,87.57,66,46,-7.04
2021,811,West Virginia,3,32,16,0.8577,29,0.9008,2,120.6,5,88.8,,31.8,32,0.7031,9,95.32,54,83.75,33,26,11.57
2021,810,Wichita St.,11,68,69,0.7594,75,0.8516,44,111.2,82,97.6,,13.6,86,0.6829,70,82.2,126,90.98,97,74,-8.78
2021,809,Winthrop,12,64,98,0.7201,86,0.84,47,112.1,336,114.7,,-2.6,248,0.5371,90,80.3,35,81.89,67,96,-1.59
2021,808,Wisconsin,9,32,13,0.861,21,0.9118,85,107.2,125,100.1,,7.1,252,0.534,57,83.27,27,81.25,13,10,2.02
2019,807,Abilene Christian,15,64,146,0.6531,141,0.7819,67,108.3,115,99.7,,8.6,321,0.4881,222,71.48,171,97.59,148,144,-26.11
2019,806,Arizona St.,11,64,58,0.7943,70,0.8442,76,112.6,51,99.1,,13.5,140,0.5992,46,86.92,41,85.88,50,63,1.04
2019,805,Auburn,5,4,15,0.8916,22,0.9138,59,109.5,157,101.4,,8.1,312,0.4791,8,98.45,47,86.59,22,13,11.86
2019,804,Baylor,9,32,50,0.8139,47,0.8762,78,109.5,88,99.3,,10.2,264,0.5488,52,85.88,108,92.44,65,38,-6.56
2019,803,Belmont,11,64,49,0.8145,38,0.8899,201,100.8,307,110.9,,-10.1,296,0.513,9,97.91,57,87.8,56,56,10.11
2019,802,Bradley,15,64,174,0.6109,198,0.708,80,112.3,102,103.4,,8.9,273,0.5215,276,66.98,177,98.27,166,166,-31.29
2019,801,Buffalo,6,32,21,0.8683,19,0.9214,184,104.6,158,105,,-0.4,276,0.5348,7,98.58,6,77.61,13,27,20.97
2019,800,Cincinnati,7,64,27,0.8552,25,0.9034,205,103.2,292,111.6,,-8.4,332,0.4739,105,80.66,74,89.39,51,31,-8.73
2019,799,Colgate,15,64,138,0.6758,109,0.8052,42,111.7,328,113.4,,-1.7,292,0.5156,91,81.79,232,102.64,176,129,-20.85
2019,798,Duke,1,8,1,0.9886,1,0.9764,77,107.7,271,107.6,,0.1,283,0.5148,3,106.24,1,70.25,1,5,35.99
2019,797,Fairleigh Dickinson,16,64,222,0.5451,207,0.6994,145,107.9,211,108.2,,-0.3,178,0.5878,153,76.55,311,109.45,265,212,-32.9
2019,796,Florida,10,32,23,0.8641,33,0.8941,35,111.4,51,95.9,,15.5,149,0.5955,130,78.72,36,85.46,23,25,-6.74
2019,795,Florida St.,4,16,14,0.8941,20,0.9196,182,105.6,147,105.1,,0.5,289,0.5304,32,88.41,7,77.93,9,15,10.48
2019,794,Gardner Webb,16,64,179,0.6031,183,0.7293,117,105.7,189,103.8,,1.9,322,0.473,125,78.91,263,105.3,213,169,-26.39
2019,793,Georgia St.,14,64,98,0.7294,101,0.8147,67,111.6,140,103.7,,7.9,105,0.6466,80,82.75,109,92.46,107,114,-9.71
2019,792,Gonzaga,1,8,2,0.9763,2,0.9717,75,110.8,187,106.1,,4.7,160,0.6023,1,112.08,8,77.95,4,3,34.13
2019,791,Houston,3,16,10,0.9108,7,0.9444,26,118.8,19,95.4,,23.4,46,0.7333,38,87.87,18,81.78,12,14,6.09
2019,790,Iona,16,64,211,0.5542,235,0.6662,27,113.9,17,92.1,,21.8,15,0.7804,102,80.89,238,102.95,214,197,-22.06
2019,789,Iowa,10,32,35,0.8444,39,0.888,19,118.3,6,90.7,,27.6,6,0.7628,12,96.4,105,92.02,63,40,4.38
2019,788,Iowa St.,6,64,13,0.8965,15,0.9271,74,109,6,88,,21,26,0.732,11,97.24,62,88.13,34,16,9.11
2019,787,Kansas,4,32,20,0.8707,49,0.8754,7,120.6,5,88.1,,32.5,106,0.6652,27,89.8,10,78.59,13,23,11.21
2019,786,Kansas St.,4,64,24,0.8635,31,0.8946,14,115.8,1,83.4,,32.4,8,0.7526,169,75.67,12,79.21,11,17,-3.54
2019,785,Kentucky,2,8,8,0.9284,12,0.9341,119,105.1,2,86.4,,18.7,7,0.7281,14,94.89,13,80.03,7,6,14.86
2019,784,Liberty,12,32,70,0.77,56,0.8608,47,110.9,19,92.6,,18.3,113,0.6133,119,79.41,166,97.2,110,60,-17.79
2019,783,Louisville,7,64,17,0.8902,14,0.9299,56,109.7,1,86.4,,23.3,141,0.6086,36,88.04,17,81.57,15,18,6.47
2019,782,LSU,3,16,16,0.8914,10,0.9371,75,110.9,21,95.7,,15.2,140,0.6044,6,99.1,45,86.27,26,22,12.83
2019,781,Marquette,5,64,25,0.8627,28,0.9,148,103.4,125,100.1,,3.3,237,0.5433,18,92.07,24,83.67,20,32,8.4
2019,780,Maryland,6,32,26,0.8587,29,0.8999,79,108.3,6,89,,19.3,34,0.703,53,85.87,46,86.4,26,21,-0.53
2019,779,Michigan,2,16,6,0.941,6,0.9592,5,120.4,129,100.1,,20.3,54,0.7292,42,87.09,5,76.42,2,4,10.67
2019,778,Michigan St.,2,4,5,0.9572,4,0.9636,9,120.1,71,98.1,,22,32,0.7635,5,101.36,11,78.82,6,2,22.54
2019,777,Minnesota,10,32,55,0.8033,55,0.8674,65,109.8,43,95.2,,14.6,75,0.683,69,83.26,55,87.67,46,47,-4.41
2019,776,Mississippi,8,64,38,0.8413,26,0.903,192,102.5,129,101.7,,0.8,224,0.549,37,88.02,63,88.25,54,45,-0.23
2019,775,Mississippi St.,5,64,19,0.8793,24,0.9075,133,107.1,55,97.5,,9.6,194,0.5842,15,94.44,56,87.7,33,20,6.74
2019,774,Montana,15,64,130,0.6894,145,0.7707,32,118.2,29,96.2,,22,37,0.739,128,78.83,179,98.42,150,138,-19.59
2019,773,Murray St.,12,32,45,0.8219,17,0.9238,20,119.1,20,95.9,,23.2,7,0.7822,30,89.28,51,87.29,48,52,1.99
2019,772,Nevada,7,64,31,0.8517,48,0.8755,8,119.4,45,97.3,,22.1,14,0.7663,17,92.19,20,82.43,19,29,9.76
2019,771,New Mexico St.,12,64,52,0.8122,46,0.8782,49,110.5,52,96.3,,14.2,27,0.7071,49,86.1,102,91.9,70,49,-5.8
2019,770,North Carolina,1,16,4,0.9639,5,0.9601,22,114.7,36,95.6,,19.1,55,0.7287,2,109.37,2,71.25,5,10,38.12
2019,769,North Carolina Central,16,68,295,0.4455,269,0.6272,10,121.9,146,103.4,,18.5,41,0.7217,311,62.7,292,107.64,306,306,-44.94
2019,768,North Dakota St.,16,64,199,0.5691,204,0.7009,19,114.9,53,95.4,,19.5,18,0.7398,174,75.48,323,110.66,267,202,-35.18
2019,767,Northeastern,13,64,84,0.7459,97,0.8197,29,112.3,19,93.1,,19.2,20,0.7149,86,82.27,198,99.94,136,79,-17.67
2019,766,Northern Kentucky,14,64,97,0.7303,95,0.8209,88,110,150,104.5,,5.5,165,0.5884,83,82.67,142,95.45,119,101,-12.78
2019,765,Ohio St.,11,32,46,0.8181,50,0.8747,24,118.9,7,91.7,,27.2,56,0.7178,112,79.85,44,86.14,40,42,-6.29
2019,764,Oklahoma,9,32,36,0.8443,36,0.8924,36,113.7,29,95.1,,18.6,58,0.7317,68,83.45,19,82.17,24,44,1.28
2019,763,Old Dominion,14,64,126,0.6962,113,0.8045,50,110.3,25,92,,18.3,17,0.7677,266,68.02,93,91.24,96,109,-23.22
2019,762,Oregon,12,16,51,0.8133,63,0.8519,30,113.6,20,93.5,,20.1,34,0.7622,154,76.45,31,84.98,29,37,-8.53
2019,761,Prairie View A&M,16,68,205,0.56,187,0.726,37,114,66,98.6,,15.4,39,0.7227,184,74.83,147,95.64,172,207,-20.81
2019,760,Purdue,3,8,12,0.899,13,0.9314,24,116.8,31,95.5,,21.3,48,0.7154,10,97.31,60,88.07,29,8,9.24
2019,759,Saint Louis,13,64,109,0.7123,140,0.7821,54,111.1,30,94.5,,16.6,44,0.716,239,70.35,72,89.26,83,102,-18.91
2019,758,Saint Mary's,11,64,33,0.8463,30,0.8955,79,110.6,43,96.5,,14.1,45,0.7222,59,84.77,121,93.49,66,26,-8.72
2019,757,Seton Hall,10,64,59,0.7941,72,0.843,64,114.1,61,100.1,,14,45,0.7468,67,83.76,34,85.27,41,54,-1.51
2019,756,St. John's,11,68,67,0.7778,84,0.8304,61,113.5,81,101.1,,12.4,332,0.4936,45,87.02,68,88.92,69,82,-1.9
2019,755,Syracuse,8,64,40,0.8411,51,0.8745,67,113.8,44,98.5,,15.3,77,0.6844,92,81.74,33,85.2,25,33,-3.46
2019,754,Temple,11,68,63,0.7903,57,0.8596,22,115.8,37,96.1,,19.7,47,0.7382,70,83.08,80,89.63,72,77,-6.55
2019,753,Tennessee,2,16,7,0.9293,8,0.943,44,111.1,30,93.9,,17.2,52,0.6885,4,104.09,28,84.87,16,9,19.22
2019,752,Texas Tech,3,2,9,0.9143,9,0.9411,49,112.4,51,97,,15.4,59,0.7105,51,85.99,3,73.48,3,7,12.51
2019,751,UC Irvine,13,32,74,0.7645,76,0.8408,59,109.9,25,92.6,,17.3,116,0.6444,179,75.09,99,91.6,79,70,-16.51
2019,750,UCF,9,32,41,0.8409,35,0.8932,19,114.6,17,92.1,,22.5,51,0.6861,95,81.66,61,88.11,53,46,-6.45
2019,749,Utah St.,8,64,37,0.8438,21,0.9152,109,108.8,108,101.6,,7.2,283,0.514,31,89.17,37,85.48,32,34,3.69
2019,748,VCU,8,64,30,0.8521,18,0.9215,11,118.8,136,103.5,,15.3,92,0.688,181,75.04,4,75.77,17,39,-0.73
2019,747,Vermont,13,64,81,0.7507,71,0.8432,17,115,147,101.9,,13.1,57,0.6855,152,76.57,140,95.3,105,78,-18.73
2019,746,Villanova,6,32,39,0.8412,54,0.8693,51,113.6,45,97.7,,15.9,51,0.7145,26,89.85,124,93.77,67,24,-3.92
2019,745,Virginia,1,1,3,0.9665,3,0.9677,77,110,17,92.7,,17.3,33,0.7294,16,93.27,27,84.46,10,1,8.81
2019,744,Virginia Tech,4,16,11,0.9099,11,0.9351,12,119.1,33,95.6,,23.5,12,0.7512,23,90.27,70,89.16,37,11,1.11
2019,743,Washington,9,32,56,0.8031,58,0.8593,23,113.9,15,90.8,,23.1,20,0.738,148,76.87,29,84.92,36,50,-8.05
2019,742,Wisconsin,5,64,18,0.8797,23,0.9129,49,116.4,15,93.8,,22.6,8,0.7799,114,79.66,9,78.39,8,12,1.27
2019,741,Wofford,7,32,22,0.8662,16,0.926,18,114.7,89,98.6,,16.1,4,0.741,13,95.46,78,89.55,43,19,5.91
2019,740,Yale,14,64,78,0.7562,78,0.8399,8,119.3,6,88.7,,30.6,10,0.7736,22,90.54,101,91.76,89,84,-1.22
2018,739,Alabama,9,32,60,0.7826,82,0.8428,19,115.6,1,85.8,,29.8,30,0.7648,101,82.68,6,82.57,25,52,0.11
2018,738,Arizona,4,64,26,0.8479,52,0.874,26,116.7,4,92.2,,24.5,46,0.721,20,97.38,83,91.68,43,20,5.7
2018,737,Arizona St.,11,68,47,0.8054,37,0.8878,5,122.5,62,98.3,,24.2,32,0.7313,12,100.53,80,91.43,59,49,9.1
2018,736,Arkansas,7,64,36,0.8232,36,0.8881,29,115.1,91,100.1,,15,56,0.7057,18,98.29,76,91.18,54,43,7.11
2018,735,Auburn,4,32,19,0.8618,17,0.9178,3,123.1,74,99.3,,23.8,4,0.7543,7,102.64,7,82.95,10,21,19.69
2018,734,Bucknell,14,64,113,0.6955,126,0.7843,2,121.8,62,96.1,,25.7,26,0.7328,69,86.47,69,90.73,84,102,-4.26
2018,733,Buffalo,13,32,63,0.7805,33,0.8909,22,113.8,51,95.9,,17.9,9,0.7271,24,96.46,73,91.11,76,80,5.35
2018,732,Butler,10,32,30,0.8402,27,0.8998,27,118.7,5,90.4,,28.3,21,0.7546,30,93.59,42,87.73,30,26,5.86
2018,731,Cal St. Fullerton,15,64,179,0.587,148,0.7601,59,113.6,8,93.3,,20.3,8,0.7803,177,76.89,134,96.27,140,153,-19.38
2018,730,Cincinnati,2,32,9,0.9047,12,0.9388,36,113.7,38,96.7,,17,4,0.7932,81,85.01,1,75.24,2,4,9.77
2018,729,Clemson,5,16,27,0.8477,21,0.9101,42,111.3,54,96.4,,14.9,6,0.7287,65,86.88,16,84.83,11,15,2.05
2018,728,College of Charleston,13,64,152,0.6309,187,0.7195,99,106.4,32,93,,13.4,11,0.7717,139,79.62,234,104.2,171,115,-24.58
2018,727,Creighton,8,64,29,0.846,23,0.9073,4,122.4,11,90.3,,32.1,7,0.7902,16,98.98,23,85.71,24,34,13.27
2018,726,Davidson,12,64,52,0.7907,46,0.8801,9,120.5,9,93.4,,27.1,59,0.7072,45,89.63,197,101.4,113,39,-11.77
2018,725,Duke,2,8,2,0.9589,2,0.9748,60,111.1,34,95.3,,15.8,22,0.7452,2,106.79,3,80.09,3,3,26.7
2018,724,Florida,6,32,15,0.8814,19,0.9129,2,123.8,12,92.8,,31,64,0.6956,43,90.45,41,87.66,26,22,2.79
2018,723,Florida St.,9,8,39,0.822,32,0.8918,14,116.9,39,95,,21.9,25,0.7325,21,97.36,38,87.35,34,44,10.01
2018,722,Georgia St.,15,64,93,0.731,81,0.8443,12,119.1,24,94.5,,24.6,9,0.7506,126,80.55,136,96.35,110,94,-15.8
2018,721,Gonzaga,4,16,7,0.917,4,0.9556,30,113.3,8,89.1,,24.2,3,0.7622,15,99.65,12,84.27,7,7,15.38
2018,720,Houston,6,32,18,0.8648,15,0.9317,16,115,1,86.3,,28.7,2,0.7408,36,91.67,24,85.76,15,17,5.91
2018,719,Iona,15,64,132,0.6546,139,0.7698,59,111.6,46,96.9,,14.7,172,0.5785,64,87.04,170,99.24,152,136,-12.2
2018,718,Kansas,1,4,6,0.921,8,0.9454,196,102.8,70,99.1,,3.7,189,0.5728,8,102.59,37,87.06,18,10,15.53
2018,717,Kansas St.,9,8,38,0.8223,41,0.8862,84,107.8,21,92,,15.8,213,0.563,91,83.81,78,91.29,54,41,-7.48
2018,716,Kentucky,5,16,16,0.8765,24,0.9043,174,104.9,167,104.9,,0,171,0.5967,28,94.56,18,85.16,14,18,9.4
2018,715,Lipscomb,15,64,140,0.6402,154,0.7541,53,110.9,43,96.1,,14.8,16,0.777,105,82.43,39,87.45,99,165,-5.02
2018,714,LIU Brooklyn,16,68,259,0.4713,248,0.6484,63,110.9,21,93.5,,17.4,28,0.7338,165,77.39,227,103.56,238,249,-26.17
2018,713,Loyola Chicago,11,4,56,0.7873,55,0.8726,27,113.6,39,94.3,,19.3,1,0.7703,112,81.64,66,90.45,46,38,-8.81
2018,712,Marshall,13,32,110,0.6971,89,0.835,28,118.5,27,96.1,,22.4,13,0.7692,42,90.72,54,88.85,84,117,1.87
2018,711,Miami FL,6,64,24,0.849,28,0.8997,35,113.3,62,97.7,,15.6,50,0.7426,58,87.39,59,89.59,37,35,-2.2
2018,710,Michigan,3,2,14,0.8851,14,0.9343,20,115.1,105,100.1,,15,52,0.7081,54,87.88,25,85.85,12,8,2.03
2018,709,Michigan St.,3,32,5,0.9211,9,0.9447,25,113.7,68,96.4,,17.3,115,0.6518,17,98.3,11,83.57,5,6,14.73
2018,708,Missouri,8,64,41,0.8207,34,0.8905,21,119.7,48,98.9,,20.8,23,0.7534,73,86.25,72,91.02,48,37,-4.77
2018,707,Montana,14,64,88,0.735,69,0.8543,52,114.1,18,95.6,,18.5,19,0.7603,82,84.75,60,89.76,63,73,-5.01
2018,706,Murray St.,12,64,71,0.764,48,0.8782,161,105.5,9,91.3,,14.2,68,0.7182,67,86.63,107,94.34,79,58,-7.71
2018,705,Nevada,7,16,32,0.8353,25,0.903,14,118.3,51,96.6,,21.7,24,0.7695,10,101.77,84,92.03,48,25,9.74
2018,704,New Mexico St.,12,64,50,0.7989,35,0.8896,245,98.1,231,105.1,,-7,337,0.4402,108,82.14,9,83.49,28,55,-1.35
2018,703,North Carolina,2,32,3,0.9344,3,0.9636,5,126.7,73,101,,25.7,42,0.7344,3,106.16,14,84.49,9,9,21.67
2018,702,North Carolina Central,16,68,321,0.3628,316,0.534,8,119.4,167,104.9,,14.5,66,0.7212,300,65.32,306,110.31,323,315,-44.99
2018,701,North Carolina St.,9,64,66,0.7751,64,0.863,48,110.4,59,95.3,,15.1,13,0.7712,19,97.65,61,89.83,47,46,7.82
2018,700,Ohio St.,5,32,17,0.8708,13,0.9378,55,113.2,43,97.5,,15.7,27,0.7439,39,91.05,33,86.59,17,13,4.46
2018,699,Oklahoma,10,64,46,0.8064,63,0.864,12,116.1,58,95.8,,20.3,80,0.6882,11,101.74,10,83.53,29,57,18.21
2018,698,Penn,16,64,118,0.6884,107,0.8084,1,124.4,80,97.8,,26.6,61,0.6776,197,75.14,65,90.27,94,128,-15.13
2018,697,Providence,10,64,51,0.7945,68,0.8553,99,110.6,246,110.6,,0,185,0.5632,103,82.47,36,86.88,41,65,-4.41
2018,696,Purdue,2,16,4,0.9232,5,0.9556,117,107.1,157,103.9,,3.2,287,0.5263,6,103.54,47,87.97,20,5,15.57
2018,695,Radford,16,64,178,0.5871,162,0.745,83,110.3,71,99.6,,10.7,219,0.5647,277,67.91,258,106.03,215,170,-38.12
2018,694,Rhode Island,7,32,44,0.8079,50,0.8759,124,105.6,181,103.3,,2.3,309,0.5039,71,86.34,43,87.74,35,47,-1.4
2018,693,San Diego St.,11,64,48,0.805,56,0.8725,152,103.2,47,95.7,,7.5,271,0.5249,63,87.12,27,86.02,32,51,1.1
2018,692,Seton Hall,8,32,21,0.8584,22,0.9079,218,103.6,208,108.1,,-4.5,250,0.5523,25,96.08,45,87.88,31,29,8.2
2018,691,South Dakota St.,12,64,54,0.7877,40,0.8863,167,105,73,99.6,,5.4,195,0.5881,27,94.69,104,93.72,88,78,0.97
2018,690,St. Bonaventure,11,64,70,0.7667,70,0.8537,145,104.5,133,101.2,,3.3,304,0.4846,62,87.24,95,93.23,79,70,-5.99
2018,689,Stephen F. Austin,14,64,101,0.709,76,0.8486,141,108.1,110,103.2,,4.9,330,0.4977,132,80.16,29,86.36,65,113,-6.2
2018,688,Syracuse,11,16,58,0.7849,61,0.8646,210,99.8,68,96.2,,3.6,226,0.537,204,74.84,58,89.17,43,45,-14.33
2018,687,TCU,6,64,23,0.8543,26,0.9017,288,99.7,172,106.8,,-7.1,312,0.4826,9,102.29,92,92.65,52,23,9.64
2018,686,Tennessee,3,32,13,0.8912,7,0.9467,280,94.9,127,100,,-5.1,293,0.4939,52,88.71,8,83.46,7,11,5.25
2018,685,Texas,10,64,35,0.8258,42,0.8842,271,98.5,143,103.3,,-4.8,274,0.5301,131,80.18,20,85.54,23,36,-5.36
2018,684,Texas A&M,7,16,25,0.8481,29,0.8968,122,107.9,293,112.2,,-4.3,256,0.532,60,87.34,5,81.71,13,30,5.63
2018,683,Texas Southern,16,64,243,0.4965,231,0.6713,43,111.2,39,95.1,,16.1,226,0.5321,127,80.41,260,106.18,254,248,-25.77
2018,682,Texas Tech,3,8,12,0.8925,10,0.9432,42,112.1,84,99,,13.1,247,0.5543,50,88.91,4,81.26,4,12,7.65
2018,681,UCLA,11,68,49,0.8043,60,0.8661,59,112.6,81,100.3,,12.3,247,0.5485,22,96.96,81,91.6,60,50,5.36
2018,680,UMBC,16,32,185,0.5778,183,0.7245,50,110,41,95.1,,14.9,240,0.542,216,73.82,174,99.7,175,184,-25.88
2018,679,UNC Greensboro,13,64,97,0.7219,84,0.8409,61,113.5,93,101.8,,11.7,272,0.5365,218,73.79,70,90.79,74,82,-17
2018,678,Villanova,1,1,1,0.987,1,0.9948,44,113.3,85,100.7,,12.6,12,0.7624,1,113.99,15,84.5,5,2,29.49
2018,677,Virginia,1,64,8,0.9151,6,0.9521,29,116.8,29,97.7,,19.1,62,0.7307,106,82.19,2,79.81,1,1,2.38
2018,676,Virginia Tech,8,64,28,0.8467,20,0.9102,101,109.3,34,95.3,,14,29,0.7343,32,92.54,48,88.29,33,31,4.25
2018,675,West Virginia,5,16,11,0.8945,16,0.9259,96,111.3,250,110.8,,0.5,189,0.5619,14,99.87,30,86.37,16,14,13.5
2018,674,Wichita St.,4,64,20,0.8586,38,0.8869,42,115.9,38,98.8,,17.1,91,0.6906,5,103.95,98,93.37,53,19,10.58
2018,673,Wright St.,14,64,126,0.6677,111,0.8042,56,112.3,45,97.3,,15,60,0.7311,243,71.21,50,88.41,90,134,-17.2
2018,672,Xavier,1,32,10,0.904,11,0.9429,22,114.7,34,95.4,,19.3,108,0.6433,4,105.19,32,86.53,19,16,18.66
2017,671,Arizona,2,16,19,0.8724,27,0.8967,10,120.3,110,102.3,,18,78,0.6729,30,93.07,44,86.53,23,20,6.54
2017,670,Arkansas,8,32,45,0.801,47,0.8613,33,115.4,97,101.3,,14.1,117,0.6281,15,97.25,70,90.17,51,47,7.08
2017,669,Baylor,3,16,11,0.8812,13,0.9156,73,113.2,21,95.5,,17.7,85,0.673,47,89.11,40,86.06,19,8,3.05
2017,668,Bucknell,13,64,85,0.7252,64,0.8371,38,116.1,24,96.7,,19.4,79,0.714,80,83.8,74,90.52,75,80,-6.72
2017,667,Butler,4,16,26,0.8596,23,0.8981,32,114.2,38,96.1,,18.1,85,0.6868,29,93.14,73,90.32,43,23,2.82
2017,666,Cincinnati,6,32,23,0.8638,20,0.9044,48,110.9,10,89.7,,21.2,28,0.7312,64,85.28,28,84.71,18,19,0.57
2017,665,Creighton,6,64,22,0.8659,21,0.9038,46,110.3,11,90.5,,19.8,113,0.6352,16,97.01,14,81.93,15,27,15.08
2017,664,Dayton,7,64,52,0.787,62,0.8412,90,107.5,63,97.1,,10.4,125,0.6007,54,87.41,45,86.58,29,38,0.83
2017,663,Duke,2,32,8,0.9108,16,0.9109,37,112.6,79,98.6,,14,233,0.5653,9,102.08,32,85.02,17,14,17.06
2017,662,East Tennessee St.,13,64,63,0.7648,44,0.8629,110,108.7,18,95.4,,13.3,188,0.5786,85,83.4,20,83.7,32,66,-0.3
2017,661,Florida,4,8,9,0.9108,5,0.9357,76,110.1,132,103,,7.1,246,0.5425,24,94.7,5,75.18,6,11,19.52
2017,660,Florida Gulf Coast,14,64,107,0.692,109,0.7899,112,106.4,97,99.6,,6.8,274,0.5231,103,81.39,200,100.4,149,109,-19.01
2017,659,Florida St.,3,32,27,0.8458,28,0.8927,49,112.4,115,102.1,,10.3,228,0.5616,13,98.62,8,79.34,12,22,19.28
2017,658,Gonzaga,1,2,1,0.9894,1,0.9957,121,105.7,73,96.7,,9,130,0.6214,8,103.3,1,72.43,1,2,30.87
2017,657,Iona,14,64,114,0.6804,121,0.7796,62,108.9,76,97.5,,11.4,166,0.5824,50,87.97,150,96.35,129,118,-8.38
2017,656,Iowa St.,5,32,12,0.879,14,0.9143,242,100.5,105,101.8,,-1.3,298,0.5155,10,100.94,27,84.67,19,21,16.27
2017,655,Jacksonville St.,15,64,170,0.5979,138,0.7582,176,106.5,218,109.1,,-2.6,340,0.4647,229,72.13,276,105.14,217,158,-33.01
2017,654,Kansas,1,8,6,0.9158,12,0.9196,192,101.9,155,102.2,,-0.3,358,0.4046,6,104.3,13,81.56,9,13,22.74
2017,653,Kansas St.,11,64,28,0.8438,26,0.8967,197,100.4,205,104.2,,-3.8,321,0.4689,69,84.86,37,85.63,24,29,-0.77
2017,652,Kent St.,14,64,138,0.6433,132,0.7683,229,99.1,158,102,,-2.9,330,0.4782,169,76.74,113,93.98,122,141,-17.24
2017,651,Kentucky,2,8,4,0.9301,6,0.9348,23,119.5,53,99.2,,20.3,26,0.7511,4,106.22,2,73.97,4,12,32.25
2017,650,Louisville,2,32,7,0.915,7,0.9331,21,118.9,7,93.1,,25.8,16,0.7629,25,94.58,6,78.4,2,7,16.18
2017,649,Marquette,10,64,32,0.8301,35,0.8811,26,113.6,62,97,,16.6,19,0.7113,7,103.91,114,94.1,70,30,9.81
2017,648,Maryland,6,64,35,0.8231,40,0.8745,43,110.9,17,90.4,,20.5,28,0.755,53,87.5,83,91.54,60,45,-4.04
2017,647,Miami FL,8,64,31,0.8305,36,0.8769,5,121.6,12,90.8,,30.8,12,0.7831,138,79,53,87.71,28,28,-8.71
2017,646,Michigan,7,16,21,0.8685,18,0.9081,3,123.2,37,97.1,,26.1,1,0.7864,27,94.16,168,97.92,88,15,-3.76
2017,645,Michigan St.,9,32,48,0.7991,61,0.8426,3,123.3,25,94,,29.3,9,0.7626,84,83.42,43,86.44,33,44,-3.02
2017,644,Middle Tennessee,12,32,43,0.8071,29,0.8897,4,122.1,13,92.9,,29.2,16,0.7477,92,82.36,82,91.35,55,42,-8.99
2017,643,Minnesota,5,64,33,0.8299,25,0.8968,11,119.6,28,94.4,,25.2,2,0.7804,73,84.58,11,80.1,16,34,4.48
2017,642,Mount St. Mary's,16,64,195,0.5633,173,0.723,43,113,20,93.9,,19.1,14,0.7426,272,67.21,160,97.2,190,215,-29.99
2017,641,Nevada,12,64,53,0.7848,43,0.8634,23,113.9,56,95.6,,18.3,33,0.7255,31,92.93,76,91.03,65,58,1.9
2017,640,New Mexico St.,14,64,91,0.7104,81,0.8113,8,117,13,90.8,,26.2,26,0.7091,76,84.19,133,95.22,105,87,-11.03
2017,639,New Orleans,16,68,196,0.562,171,0.7262,315,91.9,86,97.9,,-6,328,0.4804,245,69.74,119,94.46,143,178,-24.72
2017,638,North Carolina,1,1,3,0.9346,4,0.9384,310,95.6,253,108.6,,-13,352,0.4336,3,107.49,9,79.69,5,6,27.8
2017,637,North Carolina Central,16,68,153,0.629,119,0.7815,308,96.9,283,110.8,,-13.9,350,0.3948,230,72.05,142,95.73,140,153,-23.68
2017,636,North Dakota,15,64,165,0.6048,169,0.7269,215,102,111,102.1,,-0.1,351,0.3889,167,76.8,88,91.8,125,173,-15
2017,635,Northern Kentucky,15,64,143,0.6361,120,0.7805,126,107.4,67,98.8,,8.6,347,0.4441,125,79.73,180,98.24,157,146,-18.51
2017,634,Northwestern,8,32,36,0.8222,34,0.8833,21,117.4,95,101.4,,16,63,0.6999,95,81.97,60,89.09,43,36,-7.12
2017,633,Notre Dame,5,32,15,0.8781,11,0.9208,28,114.2,75,98.2,,16,11,0.7449,19,95.91,68,90.16,38,24,5.75
2017,632,Oklahoma St.,10,64,13,0.8789,9,0.927,35,113.9,131,102.8,,11.1,42,0.7247,1,113.11,79,91.19,48,26,21.92
2017,631,Oregon,3,4,24,0.8629,33,0.8837,9,117.9,110,99.5,,18.4,35,0.7221,22,95.35,18,83.32,13,16,12.03
2017,630,Princeton,12,64,60,0.7715,72,0.8276,32,111.6,94,98.7,,12.9,42,0.6969,160,77.37,104,93.24,78,55,-15.87
2017,629,Providence,11,68,56,0.7804,54,0.8479,189,103.1,151,103.7,,-0.6,313,0.5015,135,79.08,42,86.35,46,57,-7.27
2017,628,Purdue,4,16,17,0.8773,19,0.9048,143,105.8,271,109.7,,-3.9,214,0.5815,21,95.83,10,80.08,10,17,15.75
2017,627,Rhode Island,11,32,34,0.8261,38,0.8764,208,101.8,129,101.7,,0.1,286,0.5175,91,82.45,47,86.83,31,37,-4.38
2017,626,Saint Mary's,7,32,18,0.8769,15,0.911,24,115.6,131,102.8,,12.8,166,0.5987,60,86,124,94.8,60,4,-8.8
2017,625,Seton Hall,9,64,50,0.7911,56,0.8469,93,107.5,192,105.3,,2.2,327,0.4883,88,83.08,39,85.96,38,53,-2.88
2017,624,SMU,6,64,16,0.8774,10,0.9208,120,104.7,32,93,,11.7,145,0.604,33,92.05,78,91.19,29,5,0.86
2017,623,South Carolina,7,4,39,0.8109,39,0.876,50,111,135,102.5,,8.5,189,0.5993,159,77.41,4,75.06,14,31,2.35
2017,622,South Dakota St.,16,64,203,0.5527,229,0.6509,91,107.6,158,103.3,,4.3,165,0.5881,67,85.04,311,109.87,255,187,-24.83
2017,621,Texas Southern,16,64,219,0.5216,214,0.6743,120,107.6,47,97.1,,10.5,94,0.6539,198,74.5,225,102.26,216,208,-27.76
2017,620,Troy,15,64,134,0.6469,117,0.7839,25,114.7,24,93.6,,21.1,119,0.6233,83,83.54,229,102.46,177,130,-18.92
2017,619,UC Davis,16,64,209,0.5455,189,0.6938,224,102.5,112,102.5,,0,236,0.5604,276,66.68,125,94.85,168,217,-28.17
2017,618,UCLA,3,16,14,0.8785,17,0.9092,82,109.3,144,103,,6.3,226,0.5719,2,112.77,26,84.45,22,25,28.32
2017,617,UNC Wilmington,12,64,58,0.7754,55,0.8474,132,106.4,181,105.5,,0.9,258,0.5389,14,97.31,174,98.06,113,61,-0.75
2017,616,USC,11,32,65,0.7625,71,0.8278,29,116.8,65,100.4,,16.4,47,0.7449,43,89.64,65,89.76,57,62,-0.12
2017,615,Vanderbilt,9,64,30,0.8332,30,0.8878,107,108.5,13,93.2,,15.3,25,0.7568,70,84.72,56,88.5,34,32,-3.78
2017,614,VCU,10,64,64,0.764,75,0.8207,60,111.1,36,95.4,,15.7,54,0.7112,86,83.33,38,85.85,36,52,-2.52
2017,613,Vermont,13,64,67,0.7594,59,0.8431,93,107.4,207,104.9,,2.5,289,0.5177,118,80.17,137,95.51,97,60,-15.34
2017,612,Villanova,1,32,2,0.9475,3,0.9416,29,112.8,88,98.5,,14.3,58,0.6851,12,99.19,24,84.24,8,1,14.95
2017,611,Virginia,5,32,20,0.872,24,0.8974,15,119.5,53,97.4,,22.1,35,0.7264,154,77.67,25,84.45,11,3,-6.78
2017,610,Virginia Tech,9,64,44,0.8045,49,0.8571,10,119.3,134,102.9,,16.4,27,0.7323,18,96.32,116,94.18,82,49,2.14
2017,609,Wake Forest,11,68,29,0.8362,22,0.899,2,125.3,105,100.1,,25.2,69,0.6913,5,104.74,108,93.58,68,33,11.16
2017,608,West Virginia,4,16,5,0.918,2,0.9427,12,116.1,85,97.7,,18.4,32,0.7271,17,96.97,3,74.5,2,10,22.47
2017,607,Wichita St.,10,32,10,0.8907,8,0.9273,50,110,53,96,,14,38,0.6996,11,99.7,12,81.34,7,9,18.36
2017,606,Winthrop,13,64,100,0.6999,91,0.8032,129,108.7,167,106.1,,2.6,170,0.5916,106,80.69,87,91.6,101,115,-10.91
2017,605,Wisconsin,8,16,25,0.861,32,0.8857,29,113.2,166,101.9,,11.3,140,0.6087,87,83.33,30,84.85,19,18,-1.52
2017,604,Xavier,11,8,37,0.8172,52,0.8507,113,105.5,39,95,,10.5,161,0.587,40,89.99,89,91.9,62,40,-1.91
2016,603,Arizona,6,64,22,0.86,30,0.8971,13,116.7,122,100.5,,16.2,16,0.715,13,96.49,27,84.06,13,18,12.43
2016,602,Austin Peay,16,64,226,0.5132,206,0.6968,4,122.8,82,97.2,,25.6,3,0.7839,162,76.05,243,103.65,232,218,-27.6
2016,601,Baylor,5,64,25,0.8554,25,0.9038,83,109.2,28,94.4,,14.8,18,0.7758,17,94.7,96,92.66,55,22,2.04
2016,600,Buffalo,14,64,134,0.654,135,0.7779,26,116.7,13,94.6,,22.1,36,0.737,116,80.63,83,91.57,114,142,-10.94
2016,599,Butler,9,32,27,0.8466,24,0.9043,17,115.8,27,94,,21.8,55,0.7068,12,96.51,95,92.55,61,39,3.96
2016,598,Cal St. Bakersfield,15,64,103,0.7212,67,0.8561,88,110,4,87.9,,22.1,17,0.7414,203,72.79,52,88.45,73,107,-15.66
2016,597,California,4,64,32,0.8358,33,0.8958,17,115,7,88.7,,26.3,11,0.7465,59,86.93,21,83.14,13,24,3.79
2016,596,Chattanooga,12,64,112,0.6941,107,0.8116,7,117.7,3,87.8,,29.9,3,0.7345,152,77.41,105,93.64,100,100,-16.23
2016,595,Cincinnati,9,64,39,0.8164,51,0.874,21,119.7,68,100.7,,19,28,0.7489,129,79.68,34,85.59,26,30,-5.91
2016,594,Colorado,8,64,66,0.7676,75,0.8515,39,111.5,55,95,,16.5,55,0.7286,87,84.05,18,82.5,30,55,1.55
2016,593,Connecticut,9,32,28,0.8419,31,0.8965,78,109.5,24,93.9,,15.6,3,0.7995,97,82.79,31,84.84,21,27,-2.05
2016,592,Dayton,7,64,40,0.8161,41,0.8849,34,115.9,95,101.4,,14.5,8,0.765,138,78.65,19,82.9,30,54,-4.25
2016,591,Duke,4,16,20,0.8639,38,0.8902,18,117.8,10,92.6,,25.2,5,0.7625,4,101.46,91,92.28,50,15,9.18
2016,590,Fairleigh Dickinson,16,68,249,0.4844,218,0.6839,43,112.7,5,87.7,,25,7,0.7483,135,78.94,307,109.75,299,265,-30.81
2016,589,Florida Gulf Coast,16,64,191,0.5719,172,0.737,10,119.3,79,99.6,,19.7,8,0.7512,196,73.08,168,98.29,167,179,-25.21
2016,588,Fresno St.,14,64,109,0.7018,110,0.8075,35,112.5,82,97.6,,14.9,44,0.7137,119,80.41,72,90.97,83,106,-10.56
2016,587,Gonzaga,11,16,15,0.8701,22,0.9086,42,111,25,92,,19,25,0.7601,29,92.64,54,88.61,35,28,4.03
2016,586,Green Bay,14,64,127,0.6626,129,0.7866,1,125.9,123,102.7,,23.2,7,0.7627,41,89.98,45,88.18,81,130,1.8
2016,585,Hampton,16,64,259,0.4692,262,0.637,50,111.8,47,95.3,,16.5,16,0.7419,227,71.52,155,97.64,193,238,-26.12
2016,584,Hawaii,13,32,54,0.7913,46,0.8797,17,117.2,25,94.6,,22.6,38,0.7267,93,83.48,26,84.05,42,63,-0.57
2016,583,Holy Cross,16,64,274,0.4451,276,0.6112,48,110.9,15,90.8,,20.1,63,0.6999,323,60.95,320,111.64,318,293,-50.69
2016,582,Indiana,5,16,26,0.8514,29,0.8982,229,101.2,39,95.9,,5.3,198,0.5916,7,100.49,58,89.3,28,13,11.19
2016,581,Iona,13,64,102,0.7214,103,0.8144,25,115.2,106,102.1,,13.1,270,0.5419,46,88.5,82,91.55,88,101,-3.05
2016,580,Iowa,7,32,14,0.8729,14,0.9281,77,108.3,277,107.8,,0.5,188,0.5691,19,93.73,28,84.19,15,20,9.54
2016,579,Iowa St.,4,16,12,0.8768,20,0.9177,38,117,31,96.4,,20.6,17,0.7623,1,105.06,50,88.33,30,23,16.73
2016,578,Kansas,1,8,1,0.9848,1,0.9872,54,114,64,100.3,,13.7,54,0.7398,8,100.35,2,78.14,1,3,22.21
2016,577,Kentucky,4,32,10,0.9028,15,0.9243,16,114.3,73,96.6,,17.7,46,0.7362,3,102.27,57,89.06,24,6,13.21
2016,576,Little Rock,12,32,61,0.7754,28,0.8986,108,107.5,15,91.9,,15.6,75,0.6919,163,76.03,87,92.14,60,46,-16.11
2016,575,Maryland,5,16,24,0.8561,26,0.9018,16,118.7,24,93.8,,24.9,64,0.6984,38,90.54,44,88.09,24,19,2.45
2016,574,Miami FL,3,16,11,0.8885,10,0.9358,8,120.5,40,96.5,,24,25,0.734,23,93.5,62,89.71,30,11,3.79
2016,573,Michigan,11,64,42,0.8123,54,0.8684,19,115.2,120,101.3,,13.9,53,0.7079,52,87.42,143,96.9,89,41,-9.48
2016,572,Michigan St.,2,64,3,0.9402,2,0.9716,11,119.2,79,99.6,,19.6,44,0.7228,5,101.26,32,84.86,11,2,16.4
2016,571,Middle Tennessee,15,32,116,0.6861,123,0.7948,110,106.5,18,91.2,,15.3,76,0.6895,187,73.62,67,90.45,94,127,-16.83
2016,570,North Carolina,1,2,4,0.9387,5,0.9584,62,109.4,105,98.8,,10.6,40,0.7438,2,103.77,6,79.96,3,4,23.81
2016,569,Northern Iowa,11,32,69,0.7664,72,0.8525,72,111.1,57,98.2,,12.9,20,0.7365,177,74.72,142,96.67,102,66,-21.95
2016,568,Notre Dame,6,8,48,0.7985,63,0.8574,110,106.5,142,101.3,,5.2,136,0.6187,20,93.7,232,102.74,128,34,-9.04
2016,567,Oklahoma,2,4,6,0.9147,8,0.9471,190,104,78,100.1,,3.9,248,0.5477,11,98.06,4,78.41,5,10,19.65
2016,566,Oregon,1,8,18,0.8675,19,0.9195,20,117,97,101.5,,15.5,30,0.7535,10,99.43,39,86.68,19,14,12.75
2016,565,Oregon St.,7,64,60,0.777,71,0.8525,23,115.5,151,104.1,,11.4,102,0.6761,84,84.25,64,90.08,56,60,-5.83
2016,564,Pittsburgh,10,64,31,0.838,32,0.8963,28,115.5,66,98.8,,16.7,38,0.7249,44,88.61,113,94.33,69,35,-5.72
2016,563,Providence,9,32,41,0.8155,35,0.894,18,117.1,29,95.1,,22,41,0.725,94,83.48,30,84.64,36,53,-1.16
2016,562,Purdue,5,64,7,0.9109,6,0.9525,11,116.4,14,90.7,,25.7,65,0.6979,27,92.94,17,82.29,7,9,10.65
2016,561,Saint Joseph's,8,32,29,0.8385,18,0.9199,214,101.7,211,106.6,,-4.9,347,0.4562,35,90.69,47,88.22,45,47,2.47
2016,560,Seton Hall,6,64,23,0.8588,11,0.9319,103,109.2,136,103.5,,5.7,180,0.5944,51,87.77,8,80.91,12,33,6.86
2016,559,South Dakota St.,12,64,78,0.7489,80,0.848,98,108.7,41,96.1,,12.6,181,0.5749,83,84.29,112,94.22,93,79,-9.93
2016,558,Southern,16,68,234,0.5051,223,0.6772,17,117.4,109,102.3,,15.1,72,0.7164,235,70.74,192,100.49,203,222,-29.75
2016,557,Stephen F. Austin,14,32,62,0.7738,70,0.8533,30,112.6,87,98.4,,14.2,56,0.6867,66,85.71,40,87.23,37,45,-1.52
2016,556,Stony Brook,13,64,83,0.7454,88,0.8391,99,109.2,29,96.7,,12.5,5,0.7685,145,78.09,90,92.2,86,91,-14.11
2016,555,Syracuse,10,4,36,0.8177,47,0.8796,103,108.4,32,94.9,,13.5,56,0.7101,115,80.9,66,90.29,49,36,-9.39
2016,554,Temple,10,64,89,0.7378,95,0.8244,91,109.9,35,95.9,,14,39,0.7244,174,75.03,104,93.41,94,90,-18.38
2016,553,Texas,6,64,33,0.8305,39,0.8861,35,113.6,43,95.2,,18.4,4,0.7596,74,85.19,49,88.31,34,31,-3.12
2016,552,Texas A&M,3,16,13,0.8754,13,0.9304,26,115.5,84,100,,15.5,24,0.7351,43,89.12,14,81.63,9,17,7.49
2016,551,Texas Tech,8,64,55,0.7905,42,0.8847,8,124.5,63,100.2,,24.3,4,0.7891,61,86.74,103,93.4,67,42,-6.66
2016,550,Tulsa,11,68,87,0.7404,101,0.8177,4,125.9,21,96.2,,29.7,3,0.7938,67,85.59,75,91.21,62,62,-5.62
2016,549,UNC Asheville,15,64,140,0.6515,105,0.8131,10,119.3,25,94.4,,24.9,27,0.7561,170,75.57,56,88.93,86,125,-13.36
2016,548,UNC Wilmington,13,64,88,0.7402,59,0.8606,3,121.1,93,98.7,,22.4,25,0.7081,70,85.42,74,91.03,72,84,-5.61
2016,547,USC,8,64,46,0.8045,45,0.8808,23,113.6,23,91.5,,22.1,14,0.7699,18,94.56,35,85.75,37,50,8.81
2016,546,Utah,3,32,34,0.8303,43,0.8823,6,121.3,29,94.6,,26.7,6,0.7904,39,90.04,69,90.55,48,29,-0.51
2016,545,Vanderbilt,11,68,16,0.8697,17,0.9199,2,123.9,27,96.3,,27.6,43,0.7278,36,90.64,25,83.75,18,25,6.89
2016,544,VCU,10,32,35,0.826,36,0.8925,23,117.8,17,92.7,,25.1,46,0.7181,64,86.11,22,83.22,22,37,2.89
2016,543,Villanova,2,1,2,0.9478,4,0.9673,17,118,9,92.3,,25.7,51,0.713,16,94.74,11,81.31,6,5,13.43
2016,542,Virginia,1,8,8,0.9079,9,0.9402,57,110.9,56,96.4,,14.5,49,0.7108,47,88.41,59,89.33,23,1,-0.92
2016,541,Weber St.,15,64,131,0.6554,128,0.7873,12,115.9,125,100.1,,15.8,25,0.711,191,73.54,107,93.78,121,140,-20.24
2016,540,West Virginia,3,64,5,0.9307,3,0.9711,219,102.5,122,103.2,,-0.7,299,0.5178,14,95.87,1,76.33,2,7,19.54
2016,539,Wichita St.,11,32,19,0.8645,23,0.9066,64,111.7,40,97.3,,14.4,83,0.6635,98,82.63,15,81.8,9,16,0.83
2016,538,Wisconsin,7,16,43,0.8115,56,0.8671,64,110.8,30,94.6,,16.2,81,0.6689,123,80.06,84,91.74,53,32,-11.68
2016,537,Xavier,2,32,9,0.9054,7,0.9505,70,109.1,98,99,,10.1,96,0.6452,9,99.82,7,80.74,8,21,19.08
2016,536,Yale,12,32,57,0.7883,34,0.8944,160,107.2,131,105,,2.2,292,0.5102,120,80.32,46,88.2,45,48,-7.88
2015,535,Albany,14,64,128,0.6653,104,0.8046,197,102.2,166,103.9,,-1.7,280,0.5221,182,69.38,238,109.32,182,132,-39.94
2015,534,Arizona,2,8,4,0.9371,4,0.9624,103,106.6,43,95.3,,11.3,66,0.6791,13,93.43,1,74.39,2,4,19.04
2015,533,Arkansas,5,32,28,0.8413,26,0.9079,80,108.2,20,90.8,,17.4,6,0.777,14,92.9,21,87.24,21,35,5.66
2015,532,Baylor,3,64,11,0.8876,11,0.9447,298,99.1,288,112.9,,-13.8,308,0.4842,25,86.06,42,91.19,20,10,-5.13
2015,531,Belmont,15,64,157,0.6113,187,0.7169,34,114.3,70,99.1,,15.2,84,0.6675,52,80.34,194,105.66,170,152,-25.32
2015,530,Boise St.,11,68,56,0.7805,54,0.8672,62,111.4,59,97.9,,13.5,72,0.6993,72,77.87,104,98.13,67,41,-20.26
2015,529,Buffalo,12,64,54,0.7833,35,0.8935,198,102.7,42,96,,6.7,100,0.6496,29,85.38,36,90.59,45,61,-5.21
2015,528,Butler,6,32,21,0.8552,15,0.9297,147,106.1,9,90.5,,15.6,90,0.6805,61,78.93,10,84.31,11,21,-5.38
2015,527,BYU,11,68,25,0.851,22,0.9155,60,109.8,6,88.6,,21.2,83,0.6876,4,99.24,60,93.29,41,29,5.95
2015,526,Cincinnati,8,32,49,0.7932,48,0.873,34,111.5,14,91.1,,20.4,91,0.653,176,69.74,91,96.84,55,36,-27.1
2015,525,Coastal Carolina,16,64,137,0.6436,135,0.7751,63,114.6,6,91.4,,23.2,78,0.6844,128,71.98,170,103.91,153,147,-31.93
2015,524,Davidson,10,64,41,0.8086,28,0.9051,44,115.1,11,94.1,,21,105,0.6636,5,97.62,124,99.85,71,31,-2.23
2015,523,Dayton,11,32,66,0.7659,71,0.847,48,113.1,7,91,,22.1,50,0.7371,86,76.47,39,90.86,35,43,-14.39
2015,522,Duke,1,1,2,0.9537,3,0.9678,66,109.7,9,89.6,,20.1,54,0.6881,1,102.78,24,87.64,11,7,15.14
2015,521,Eastern Washington,13,64,125,0.6665,110,0.8012,28,113.8,38,95.8,,18,82,0.6829,24,86.09,210,106.65,171,137,-20.56
2015,520,Georgetown,4,32,22,0.8536,24,0.9138,18,118.4,19,93,,25.4,120,0.6258,38,82.83,26,88.17,18,22,-5.34
2015,519,Georgia,10,64,38,0.8111,40,0.8904,10,117,77,97.3,,19.7,104,0.6648,74,77.7,28,88.84,28,38,-11.14
2015,518,Georgia St.,14,32,68,0.7598,70,0.8473,20,114.2,96,98.9,,15.3,139,0.6043,66,78.47,118,99.66,95,73,-21.19
2015,517,Gonzaga,2,8,6,0.9222,7,0.9589,305,98.1,66,100.5,,-2.4,292,0.5268,8,96.55,19,86.9,10,6,9.65
2015,516,Hampton,16,64,274,0.4534,281,0.5951,257,98.6,31,94,,4.6,194,0.5488,261,63.77,109,98.46,180,259,-34.69
2015,515,Harvard,13,64,95,0.7128,125,0.7898,66,113.4,127,103.9,,9.5,238,0.5574,226,65.62,80,95.58,73,77,-29.96
2015,514,Indiana,10,64,43,0.8037,49,0.8722,110,109.8,14,93.7,,16.1,68,0.6951,10,95.13,165,103.27,104,48,-8.14
2015,513,Iowa,7,32,18,0.8646,19,0.9205,57,113.7,10,93.9,,19.8,28,0.7542,39,82.75,38,90.85,25,24,-8.1
2015,512,Iowa St.,3,64,13,0.8851,13,0.9316,69,111.5,6,90.7,,20.8,23,0.7599,2,100.86,16,86.64,13,17,14.22
2015,511,Kansas,2,32,12,0.8861,25,0.9131,148,104.3,2,85.9,,18.4,72,0.6774,23,87.22,5,80.95,4,12,6.27
2015,510,Kentucky,1,4,1,0.9933,1,0.9973,44,110.7,10,89.5,,21.2,102,0.659,12,93.91,2,74.88,1,1,19.03
2015,509,Lafayette,16,64,179,0.5793,192,0.7092,69,111.3,29,96.7,,14.6,86,0.6567,42,82.05,341,121.77,269,187,-39.72
2015,508,Louisville,4,8,15,0.8765,31,0.899,160,103.9,4,87.6,,16.3,100,0.6456,70,78.13,4,78.25,9,20,-0.12
2015,507,LSU,9,64,36,0.814,37,0.892,103,109.1,6,89,,20.1,103,0.6675,40,82.47,8,83.45,24,52,-0.98
2015,506,Manhattan,16,68,149,0.6251,166,0.7341,75,108.3,9,89.5,,18.8,45,0.7137,163,70.59,72,95.09,109,155,-24.5
2015,505,Maryland,4,32,30,0.8309,32,0.8982,87,107.1,36,94.8,,12.3,90,0.653,54,79.97,33,90.08,26,32,-10.11
2015,504,Michigan St.,7,4,17,0.8711,21,0.9179,39,111.5,20,92.7,,18.8,73,0.6771,34,84.91,57,92.59,32,16,-7.68
2015,503,Mississippi,11,64,39,0.8094,42,0.8845,80,108.2,25,93.2,,15,45,0.6974,22,87.37,78,95.45,51,42,-8.08
2015,502,New Mexico St.,15,64,110,0.6955,119,0.7939,70,110,49,96.5,,13.5,45,0.7468,139,71.62,134,100.71,108,92,-29.09
2015,501,North Carolina,4,16,7,0.9138,8,0.9516,24,117.3,61,99.1,,18.2,17,0.758,7,96.55,7,82.88,8,15,13.67
2015,500,North Carolina St.,8,16,34,0.8171,39,0.8911,71,110.3,37,95.7,,14.6,38,0.7248,37,83.79,87,96.19,53,37,-12.4
2015,499,North Dakota St.,15,64,176,0.5824,189,0.7124,56,112.2,17,93.6,,18.6,35,0.7258,245,64.76,212,106.66,181,157,-41.9
2015,498,North Florida,16,68,153,0.6168,147,0.7655,252,101.8,139,105.3,,-3.5,327,0.4883,62,78.85,150,101.64,136,140,-22.79
2015,497,Northeastern,14,64,108,0.6999,97,0.8136,12,120.9,28,94.4,,26.5,85,0.6637,104,73.95,179,104.74,141,118,-30.79
2015,496,Northern Iowa,5,32,20,0.8621,14,0.9311,33,113.8,47,95.3,,18.5,94,0.6497,88,76.14,132,100.4,66,11,-24.26
2015,495,Notre Dame,3,8,14,0.8837,10,0.9469,48,114.6,44,99.3,,15.3,78,0.7159,3,99.57,122,99.75,60,9,-0.18
2015,494,Ohio St.,10,32,23,0.8519,30,0.9037,132,106.4,3,89.1,,17.3,36,0.7259,20,88.02,20,87.2,15,19,0.82
2015,493,Oklahoma,3,16,10,0.8947,12,0.9422,133,108.4,157,105.6,,2.8,229,0.5641,30,85.17,3,75.38,4,14,9.79
2015,492,Oklahoma St.,9,64,48,0.7938,58,0.8642,14,116.5,218,105.4,,11.1,247,0.5204,53,80.23,48,92.02,34,30,-11.79
2015,491,Oregon,8,32,53,0.7845,56,0.865,42,114.9,143,104.4,,10.5,143,0.6024,17,88.79,76,95.45,59,54,-6.66
2015,490,Providence,6,64,24,0.8511,16,0.928,64,110.8,299,112.1,,-1.3,171,0.5792,36,83.85,31,89.45,23,28,-5.6
2015,489,Purdue,9,64,33,0.8177,34,0.8948,83,110.3,110,101.4,,8.9,169,0.5877,55,79.89,56,92.59,46,44,-12.7
2015,488,Robert Morris,16,64,193,0.5594,202,0.6997,33,112.6,222,105.7,,6.9,246,0.5422,173,69.88,141,100.95,158,183,-31.07
2015,487,San Diego St.,8,32,42,0.807,46,0.8731,23,113.5,158,102,,11.5,199,0.563,224,65.67,14,86.04,16,27,-20.37
2015,486,SMU,6,64,31,0.8292,38,0.8915,162,102.6,15,91.3,,11.3,24,0.7119,47,81.13,63,93.54,38,23,-12.41
2015,485,St. John's,9,64,29,0.8319,27,0.9065,242,101.6,267,109.5,,-7.9,347,0.4807,45,81.73,25,87.83,29,45,-6.1
2015,484,Stephen F. Austin,12,64,51,0.7915,43,0.8824,238,100.3,210,107,,-6.7,340,0.4481,16,88.96,64,94.14,50,49,-5.18
2015,483,Texas,11,64,19,0.8639,23,0.914,250,98,108,99.2,,-1.2,347,0.408,51,80.37,29,89.12,17,18,-8.75
2015,482,Texas Southern,15,64,219,0.5249,205,0.6929,41,111,122,100,,11,94,0.6521,195,68.55,237,109.3,227,216,-40.75
2015,481,UAB,14,32,151,0.6235,143,0.7671,40,111.2,13,89.8,,21.4,98,0.6703,138,71.64,115,99.53,124,138,-27.89
2015,480,UC Irvine,13,64,82,0.7295,86,0.8267,54,113.3,97,101.6,,11.7,108,0.6356,137,71.71,96,97.35,96,97,-25.64
2015,479,UCLA,11,16,59,0.7724,79,0.8392,52,109.9,91,98.5,,11.4,102,0.6452,31,85.12,41,91.08,40,47,-5.96
2015,478,Utah,5,16,9,0.9061,6,0.959,56,115.1,2,87.8,,27.3,54,0.7226,33,84.98,13,84.73,7,8,0.25
2015,477,Valparaiso,13,64,58,0.7752,41,0.8871,73,109.9,117,101.4,,8.5,62,0.7057,133,71.84,61,93.46,54,65,-21.62
2015,476,VCU,7,64,35,0.8145,50,0.8705,57,110.9,55,96.3,,14.6,10,0.7458,46,81.58,15,86.28,18,33,-4.7
2015,475,Villanova,1,32,3,0.9458,2,0.9741,38,113.8,52,97.3,,16.5,32,0.7321,6,97.58,12,84.56,4,5,13.02
2015,474,Virginia,2,32,8,0.9079,9,0.9481,172,105,71,99.6,,5.4,320,0.494,73,77.77,6,82.69,3,3,-4.92
2015,473,West Virginia,5,16,26,0.8498,18,0.9206,70,111.3,39,96.4,,14.9,323,0.4743,18,88.68,9,83.76,14,26,4.92
2015,472,Wichita St.,7,16,16,0.8743,20,0.9189,22,115,116,101,,14,283,0.5209,50,80.53,59,93.12,31,13,-12.59
2015,471,Wisconsin,1,2,5,0.9318,5,0.9607,66,111.3,94,100.7,,10.6,337,0.4695,9,95.31,82,95.72,36,2,-0.41
2015,470,Wofford,12,64,111,0.6947,99,0.8117,110,109.7,339,114.7,,-5,272,0.5389,201,68.37,116,99.63,105,100,-31.26
2015,469,Wyoming,12,64,142,0.6386,161,0.7421,135,106.9,68,99,,7.9,266,0.5294,263,63.73,186,105.26,133,94,-41.53
2015,468,Xavier,6,16,27,0.8478,17,0.921,22,113.7,87,97.8,,15.9,58,0.7232,21,87.77,40,90.87,26,25,-3.1
2014,467,Albany,16,64,186,0.585,,,53,110.9,23,93.7,,17.2,29,0.7649,266,65.87,235,106.81,212,188,-40.94
2014,466,American,15,64,127,0.6693,,,131,107.4,10,93.7,,13.7,23,0.7508,269,65.66,151,101.04,126,104,-35.38
2014,465,Arizona,1,8,2,0.9416,,,64,111.6,28,95.2,,16.4,31,0.7305,38,85.62,3,75.47,1,1,10.15
2014,464,Arizona St.,10,64,56,0.7908,,,30,114.4,16,92.9,,21.5,33,0.7313,54,83.77,19,84.31,23,42,-0.54
2014,463,Baylor,6,16,29,0.8368,,,20,114.8,20,91.7,,23.1,12,0.7464,20,90.01,143,100.48,72,27,-10.47
2014,462,BYU,10,64,43,0.8042,,,12,115.9,11,90.5,,25.4,23,0.7125,11,96.73,29,86.18,39,53,10.55
2014,461,Cal Poly,16,64,180,0.6,,,43,115.7,29,97.7,,18,86,0.7064,281,64.65,283,111.03,232,174,-46.38
2014,460,Cincinnati,5,64,31,0.8339,,,49,113,23,94.3,,18.7,39,0.7452,138,75.94,17,84.27,15,22,-8.33
2014,459,Coastal Carolina,16,64,243,0.5031,,,75,108.6,22,93.1,,15.5,13,0.719,284,64.42,100,97.06,163,236,-32.64
2014,458,Colorado,8,64,59,0.7871,,,8,121.4,100,101.8,,19.6,16,0.7588,109,78.31,35,87.45,45,60,-9.14
2014,457,Connecticut,7,1,23,0.8554,,,75,109.7,95,99.9,,9.8,72,0.6947,73,81.78,20,84.47,18,25,-2.69
2014,456,Creighton,3,32,10,0.8927,,,138,106.7,55,98,,8.7,72,0.6843,1,103.49,115,98.21,57,7,5.28
2014,455,Dayton,11,8,53,0.7944,,,37,112.2,118,99.8,,12.4,69,0.6951,48,84.97,106,97.54,69,55,-12.57
2014,454,Delaware,13,64,111,0.6974,,,21,113.9,92,98.6,,15.3,39,0.6993,25,87.76,105,97.51,102,110,-9.75
2014,453,Duke,3,64,4,0.916,,,18,120.5,3,89,,31.5,11,0.7743,2,101.79,89,96.06,45,6,5.73
2014,452,Eastern Kentucky,15,64,122,0.6792,,,27,117.5,3,91,,26.5,13,0.77,60,83.17,241,107.3,191,137,-24.13
2014,451,Florida,1,4,3,0.9249,,,53,112.7,2,87.5,,25.2,41,0.7445,42,85.23,11,82.48,3,3,2.75
2014,450,George Washington,9,64,54,0.7932,,,33,112,3,86,,26,7,0.7274,63,82.86,31,87.03,38,48,-4.17
2014,449,Gonzaga,8,32,16,0.8776,,,65,109.1,4,87.8,,21.3,49,0.7327,35,85.81,24,84.81,17,20,1
2014,448,Harvard,12,32,33,0.8307,,,3,123.4,34,95.4,,28,17,0.7769,84,81.01,45,90.03,33,29,-9.02
2014,447,Iowa,11,68,14,0.8894,,,42,114.9,4,92.2,,22.7,11,0.7638,3,101.4,40,88.99,25,23,12.41
2014,446,Iowa St.,3,16,18,0.8735,,,27,115.4,14,92.6,,22.8,51,0.7172,7,98.1,9,82.28,11,24,15.82
2014,445,Kansas,2,32,7,0.8973,,,33,117.8,60,100,,17.8,49,0.7278,5,99.01,18,84.29,8,10,14.72
2014,444,Kansas St.,9,64,48,0.7967,,,18,119.3,59,99.9,,19.4,46,0.7455,124,77.1,32,87.23,34,43,-10.13
2014,443,Kentucky,8,2,15,0.8804,,,19,117.2,11,91.6,,25.6,8,0.7808,19,90.22,36,87.48,21,17,2.74
2014,442,Louisiana Lafayette,14,64,104,0.7098,,,33,112,14,91.2,,20.8,41,0.6977,36,85.8,91,96.33,96,121,-10.53
2014,441,Louisville,4,16,1,0.9862,,,16,114.3,40,93.7,,20.6,29,0.7536,9,98.09,2,75.45,1,2,22.64
2014,440,Manhattan,13,64,75,0.7546,,,88,110,11,94.2,,15.8,6,0.7669,92,79.88,26,85.79,51,83,-5.91
2014,439,Massachusetts,6,64,37,0.822,,,47,112.9,28,95.2,,17.7,1,0.7817,30,86.56,10,82.3,26,54,4.26
2014,438,Memphis,8,32,34,0.8268,,,39,113.1,13,92.2,,20.9,29,0.7306,26,87.36,23,84.59,30,45,2.77
2014,437,Mercer,14,32,102,0.714,,,79,110.6,29,95.1,,15.5,16,0.7416,111,78.09,114,98.09,96,98,-20
2014,436,Michigan,2,8,17,0.8739,,,25,113.1,61,96.7,,16.4,16,0.7204,12,94.43,135,99.88,64,11,-5.45
2014,435,Michigan St.,4,8,8,0.8964,,,42,116.8,8,92.3,,24.5,3,0.7966,16,92.31,38,87.53,20,12,4.78
2014,434,Milwaukee,15,64,153,0.629,,,38,116.1,53,99.6,,16.5,35,0.752,162,74,140,100.27,145,163,-26.27
2014,433,Mount St. Mary's,16,68,217,0.5369,,,32,114.5,30,95.4,,19.1,55,0.7346,82,81.08,238,107.13,224,207,-26.05
2014,432,Nebraska,11,64,73,0.7589,,,64,111.7,13,94.6,,17.1,14,0.7617,121,77.33,50,90.46,49,52,-13.13
2014,431,New Mexico,7,64,30,0.8345,,,33,114.5,8,92,,22.5,37,0.7251,45,84.99,52,90.81,39,30,-5.82
2014,430,New Mexico St.,13,64,71,0.7635,,,139,107,238,108.2,,-1.2,348,0.4795,44,85.06,112,97.97,84,75,-12.91
2014,429,North Carolina,6,32,28,0.8498,,,288,96.4,180,103.5,,-7.1,357,0.4133,28,87.04,7,80.9,14,31,6.14
2014,428,North Carolina Central,14,64,100,0.7144,,,324,96.2,215,107.1,,-10.9,284,0.5362,161,74,99,96.99,82,87,-22.99
2014,427,North Carolina St.,12,64,60,0.7858,,,266,97.9,116,100,,-2.1,343,0.456,62,83.02,165,102.05,111,71,-19.03
2014,426,North Dakota St.,12,32,76,0.7514,,,226,98.9,237,105.7,,-6.8,339,0.4439,32,86.22,191,104.42,118,57,-18.2
2014,425,Ohio St.,6,64,22,0.8659,,,168,105.2,320,114.2,,-9,324,0.4905,116,77.76,4,79,5,16,-1.24
2014,424,Oklahoma,5,64,25,0.853,,,191,103,225,107.8,,-4.8,340,0.4386,4,100,34,87.37,29,33,12.63
2014,423,Oklahoma St.,9,64,11,0.8918,,,183,102.8,245,108.1,,-5.3,336,0.4711,13,93.07,13,83.03,12,21,10.04
2014,422,Oregon,7,32,26,0.8521,,,162,105.6,312,113.2,,-7.6,350,0.4315,10,97.89,43,89.81,31,28,8.08
2014,421,Pittsburgh,9,32,12,0.8917,,,6,126.1,34,97,,29.1,43,0.7341,41,85.24,62,92.68,37,15,-7.44
2014,420,Providence,11,64,50,0.795,,,24,118.5,41,99.1,,19.4,41,0.7477,52,84.39,94,96.58,59,39,-12.19
2014,419,Saint Joseph's,10,64,41,0.8127,,,57,110.1,1,84.8,,25.3,46,0.6974,72,81.84,67,93.2,58,56,-11.36
2014,418,Saint Louis,5,32,35,0.8254,,,36,112.1,22,91.2,,20.9,74,0.7063,148,75.11,5,79.24,16,36,-4.13
2014,417,San Diego St.,4,16,27,0.8512,,,31,113.5,2,86.1,,27.4,54,0.7306,142,75.72,12,82.98,9,19,-7.26
2014,416,Stanford,10,16,40,0.8143,,,45,114.2,3,92,,22.2,38,0.7349,31,86.34,51,90.64,43,35,-4.3
2014,415,Stephen F. Austin,12,32,74,0.7554,,,36,114.2,70,99.1,,15.1,6,0.7583,86,80.88,121,98.35,85,69,-17.47
2014,414,Syracuse,3,32,20,0.8716,,,154,107.4,71,100.8,,6.6,193,0.556,95,79.53,72,93.71,42,13,-14.18
2014,413,Tennessee,11,16,19,0.8717,,,82,109.7,214,107.2,,2.5,230,0.5472,56,83.5,48,90.37,24,14,-6.87
2014,412,Texas,7,32,42,0.8094,,,62,111.9,85,99.8,,12.1,76,0.6829,51,84.4,22,84.51,28,44,-0.11
2014,411,Texas Southern,16,68,226,0.5211,,,138,106.8,45,96.7,,10.1,129,0.6278,133,76.23,299,113.28,281,247,-37.05
2014,410,Tulsa,13,64,86,0.7306,,,51,114.3,201,107.7,,6.6,102,0.6725,123,77.21,33,87.29,54,82,-10.08
2014,409,UCLA,4,16,13,0.8902,,,28,113.3,102,99.2,,14.1,174,0.564,6,98.26,16,84.19,12,18,14.07
2014,408,VCU,5,64,24,0.8547,,,138,105,139,102,,3,148,0.5997,58,83.36,1,73.83,7,26,9.53
2014,407,Villanova,2,32,6,0.9083,,,288,97.5,126,102.8,,-5.3,295,0.5171,15,92.66,8,82.02,4,8,10.64
2014,406,Virginia,1,16,21,0.8687,,,123,106.9,55,97.1,,9.8,250,0.5525,107,78.42,21,84.51,6,4,-6.09
2014,405,Weber St.,16,64,198,0.5694,,,134,105.3,85,98.8,,6.5,129,0.6125,188,71.94,271,109.59,223,170,-37.65
2014,404,Western Michigan,14,64,137,0.658,,,56,115.1,27,96.1,,19,207,0.5502,144,75.48,118,98.26,116,125,-22.78
2014,403,Wichita St.,1,32,9,0.8962,,,74,111.1,159,104.7,,6.4,196,0.5854,24,88.46,27,85.93,10,5,2.53
2014,402,Wisconsin,2,4,5,0.9129,,,69,109,80,97.1,,11.9,203,0.5603,14,92.94,74,94.38,41,9,-1.44
2014,401,Wofford,15,64,208,0.556,,,63,110.3,32,95.2,,15.1,69,0.6984,293,63.62,231,106.33,214,194,-42.71
2014,400,Xavier,12,68,47,0.799,,,37,117.1,17,94.9,,22.2,50,0.725,46,84.99,73,94.38,53,38,-9.39
2013,399,Akron,12,64,55,0.7953,,,27,115.1,1,86.9,,28.2,33,0.7502,76,77.47,38,86.22,38,53,-8.75
2013,398,Albany,15,64,139,0.6554,,,15,116.4,13,91.1,,25.3,48,0.6943,217,65.77,215,102.9,180,151,-37.13
2013,397,Arizona,6,16,12,0.8924,,,27,113.3,85,97.5,,15.8,27,0.7558,16,87.52,31,85.27,20,19,2.25
2013,396,Belmont,11,64,47,0.8107,,,20,117.5,113,102.5,,15,61,0.7014,24,84.96,42,86.83,35,42,-1.87
2013,395,Boise St.,13,68,51,0.8069,,,2,123.7,79,99.9,,23.8,79,0.6717,25,84.95,88,92.74,63,45,-7.79
2013,394,Bucknell,11,64,53,0.8049,,,41,112.8,68,97.8,,15,46,0.7148,126,72.75,86,92.55,67,51,-19.8
2013,393,Butler,6,32,35,0.8365,,,8,119.6,42,96.4,,23.2,48,0.7202,72,78.23,67,90.85,50,44,-12.62
2013,392,California,12,32,52,0.8053,,,36,112.3,71,96.6,,15.7,15,0.7437,86,76.58,43,87.58,42,59,-11
2013,391,Cincinnati,10,64,30,0.8481,,,213,102.8,158,105,,-2.2,278,0.5332,125,72.78,16,82.68,22,36,-9.9
2013,390,Colorado,10,64,54,0.7989,,,192,103.9,118,102.8,,1.1,288,0.5291,93,75.62,30,85.12,30,46,-9.5
2013,389,Colorado St.,8,32,29,0.8504,,,178,103.6,79,99.6,,4,261,0.5312,13,89.38,109,95.77,58,17,-6.39
2013,388,Creighton,7,32,11,0.8929,,,60,109.2,219,104.6,,4.6,254,0.5333,7,92.79,92,93,47,15,-0.21
2013,387,Davidson,14,64,63,0.7807,,,124,104.2,66,96,,8.2,181,0.5743,46,81.64,168,100.18,109,66,-18.54
2013,386,Duke,2,8,4,0.9569,,,167,105.3,27,96.3,,9,272,0.5365,2,98.29,14,82.1,6,8,16.19
2013,385,Florida,3,8,5,0.9547,,,84,112.1,175,107,,5.1,271,0.5231,17,87.47,8,79.76,2,1,7.71
2013,384,Florida Gulf Coast,15,16,129,0.6739,,,22,118.1,192,106,,12.1,147,0.5937,114,73.84,77,91.55,96,131,-17.71
2013,383,Georgetown,2,64,15,0.8868,,,83,110.3,107,101.2,,9.1,144,0.6121,137,72.03,7,79.65,4,12,-7.62
2013,382,Gonzaga,1,32,3,0.9592,,,93,107.4,10,89.7,,17.7,64,0.6981,4,94.99,29,85.1,12,3,9.89
2013,381,Harvard,14,32,103,0.7095,,,54,109.8,24,93.9,,15.9,67,0.6666,103,74.65,184,101.27,129,99,-26.62
2013,380,Illinois,7,32,26,0.8563,,,36,113.7,45,97.3,,16.4,44,0.7393,59,80.1,51,89.56,39,43,-9.46
2013,379,Indiana,1,16,1,0.9872,,,52,110.4,49,96.1,,14.3,82,0.6621,1,101.29,19,82.97,7,4,18.32
2013,378,Iona,15,64,84,0.7484,,,29,113.2,20,90.8,,22.4,30,0.7536,8,92.27,170,100.32,120,95,-8.05
2013,377,Iowa St.,10,32,40,0.8284,,,45,113.1,83,100.4,,12.7,76,0.6731,3,95.99,72,91.01,51,41,4.98
2013,376,James Madison,16,64,207,0.5543,,,31,114.7,78,99.4,,15.3,44,0.7177,244,63.76,173,100.49,179,191,-36.73
2013,375,Kansas,1,16,6,0.9288,,,27,116.1,45,97,,19.1,41,0.7231,19,86.75,2,76.16,3,9,10.59
2013,374,Kansas St.,4,64,24,0.8573,,,15,116.2,7,88.9,,27.3,50,0.709,45,81.74,79,91.75,44,24,-10.01
2013,373,La Salle,13,16,41,0.8225,,,16,121.2,139,105.3,,15.9,90,0.6628,41,81.96,62,90.4,54,57,-8.44
2013,372,Liberty,16,68,268,0.4453,,,36,116.3,84,101.3,,15,87,0.6964,199,66.75,307,111.87,299,266,-45.12
2013,371,LIU Brooklyn,16,68,196,0.571,,,12,118.1,59,98.3,,19.8,49,0.7371,23,85.96,288,109.75,247,185,-23.79
2013,370,Louisville,1,1,2,0.976,,,112,105.5,9,89.2,,16.3,110,0.6504,18,87.12,1,70.81,1,2,16.31
2013,369,Marquette,3,8,21,0.8619,,,31,113.5,54,96.7,,16.8,174,0.6051,35,82.82,83,92.16,46,22,-9.34
2013,368,Memphis,6,32,25,0.857,,,124,105.8,43,95.2,,10.6,186,0.571,38,82.37,5,79.35,18,37,3.02
2013,367,Miami FL,2,16,17,0.8774,,,43,111.6,114,99.6,,12,186,0.5809,40,82.22,26,84.38,16,13,-2.16
2013,366,Michigan,4,2,9,0.904,,,28,118.5,82,101.8,,16.7,47,0.73,6,93.25,89,92.85,40,7,0.4
2013,365,Michigan St.,3,16,13,0.891,,,47,112.6,33,95.2,,17.4,8,0.7627,48,81.37,17,82.69,9,11,-1.32
2013,364,Middle Tennessee,11,68,62,0.782,,,29,115.1,21,94.5,,20.6,30,0.7309,87,76.37,23,83.94,25,38,-7.57
2013,363,Minnesota,11,32,37,0.8343,,,18,114.7,30,94.4,,20.3,15,0.7205,43,81.83,81,91.87,41,20,-10.04
2013,362,Mississippi,12,32,49,0.8087,,,46,116.5,18,95.3,,21.2,115,0.6245,12,89.52,21,83.46,25,40,6.06
2013,361,Missouri,9,64,23,0.8602,,,124,107.7,14,93.6,,14.1,115,0.6527,11,90.21,41,86.76,27,25,3.45
2013,360,Montana,13,64,151,0.6364,,,110,105.6,11,89.7,,15.9,90,0.6874,151,71.07,229,103.99,181,139,-32.92
2013,359,New Mexico,3,64,34,0.8407,,,153,105.1,7,88.6,,16.5,90,0.6669,63,79.12,15,82.47,11,16,-3.35
2013,358,New Mexico St.,13,64,95,0.7211,,,68,110.5,37,95.7,,14.8,84,0.6638,129,72.73,82,92.1,79,81,-19.37
2013,357,North Carolina,8,32,22,0.8614,,,69,111.4,22,94.8,,16.6,89,0.6627,10,90.5,13,82.07,19,35,8.43
2013,356,North Carolina A&T,16,64,225,0.5195,,,55,111,28,94.4,,16.6,68,0.695,302,57.25,80,91.77,144,228,-34.52
2013,355,North Carolina St.,8,64,28,0.8504,,,92,109.8,6,89,,20.8,64,0.7071,5,93.67,75,91.36,47,32,2.31
2013,354,Northwestern St.,14,64,130,0.6725,,,16,115.1,47,95.1,,20,77,0.6892,27,84,76,91.38,100,137,-7.38
2013,353,Notre Dame,7,64,32,0.8417,,,91,107,31,94.5,,12.5,147,0.5968,36,82.64,152,99.23,88,26,-16.59
2013,352,Ohio St.,2,8,7,0.9168,,,175,106.2,49,99.5,,6.7,242,0.555,32,83.31,20,83.25,8,6,0.06
2013,351,Oklahoma,10,64,56,0.7945,,,95,109.7,146,103.9,,5.8,239,0.56,34,82.88,64,90.57,52,52,-7.69
2013,350,Oklahoma St.,5,64,14,0.8869,,,48,110.8,66,97.3,,13.5,305,0.484,51,80.94,9,79.93,12,23,1.01
2013,349,Oregon,12,16,45,0.8182,,,109,107.4,79,98.6,,8.8,278,0.5364,85,76.68,4,78.71,24,50,-2.03
2013,348,Pacific,15,64,128,0.6765,,,71,110.3,61,98,,12.3,249,0.5418,134,72.19,204,102.44,146,109,-30.25
2013,347,Pittsburgh,8,64,10,0.901,,,138,104,128,100.2,,3.8,314,0.4937,47,81.43,69,90.87,29,5,-9.44
2013,346,Saint Louis,4,32,19,0.8671,,,9,117.8,27,93.4,,24.4,12,0.7197,84,76.7,11,80.96,10,18,-4.26
2013,345,Saint Mary's,11,64,20,0.8631,,,9,118.3,62,95.6,,22.7,32,0.751,15,87.84,103,94.76,57,21,-6.92
2013,344,San Diego St.,7,32,39,0.8332,,,16,117,64,97.9,,19.1,49,0.7445,81,77.02,6,79.43,14,28,-2.41
2013,343,South Dakota St.,13,64,108,0.7024,,,1,128.5,23,95.9,,32.6,12,0.7624,53,80.85,277,108.15,184,94,-27.3
2013,342,Southern,16,64,186,0.5874,,,4,123.1,9,91.3,,31.8,24,0.7417,237,64.11,111,95.82,129,172,-31.71
2013,341,Syracuse,4,4,8,0.9066,,,14,118.8,7,91.6,,27.2,19,0.7372,22,86.1,27,84.51,17,14,1.59
2013,340,Temple,9,32,42,0.822,,,4,123.4,11,91.2,,32.2,22,0.7353,26,84.31,87,92.68,72,64,-8.37
2013,339,UCLA,6,64,38,0.8341,,,15,118,12,92.1,,25.9,25,0.735,20,86.4,36,85.84,32,47,0.56
2013,338,UNLV,5,64,27,0.8552,,,101,107,24,92.5,,14.5,9,0.7502,65,78.73,3,77.18,15,33,1.55
2013,337,Valparaiso,14,64,69,0.7697,,,204,104.8,6,92.7,,12.1,81,0.7126,58,80.28,112,96.09,81,61,-15.81
2013,336,VCU,5,32,16,0.8805,,,85,110.4,19,94.1,,16.3,84,0.704,14,89,24,84.07,21,27,4.93
2013,335,Villanova,9,64,44,0.8198,,,15,114.7,27,92.3,,22.4,68,0.7148,95,75.29,22,83.51,30,54,-8.22
2013,334,Western Kentucky,16,64,170,0.5984,,,2,123.7,5,87.2,,36.5,46,0.7462,176,69.28,147,99.05,157,180,-29.77
2013,333,Wichita St.,9,4,33,0.841,,,32,116,1,83.6,,32.4,20,0.753,69,78.32,40,86.51,28,29,-8.19
2013,332,Wisconsin,5,64,18,0.8769,,,42,113.3,1,86.4,,26.9,16,0.7544,128,72.73,10,80.83,5,10,-8.1
2012,331,Alabama,9,64,30,0.8267,,,9,119.9,3,90.1,,29.8,3,0.7673,157,71.83,17,82.9,17,25,-11.07
2012,330,Baylor,3,8,11,0.881,,,27,114.5,1,83.4,,31.1,31,0.7292,14,90.55,23,85.16,14,13,5.39
2012,329,Belmont,14,64,24,0.8317,,,33,114.1,2,86.9,,27.2,21,0.7391,9,95.33,62,90.32,37,26,5.01
2012,328,BYU,14,64,47,0.7906,,,104,106,5,88.8,,17.2,80,0.6593,40,83.71,7,78.33,25,56,5.38
2012,327,California,12,68,32,0.8214,,,19,114.5,47,95.9,,18.6,63,0.6813,44,82.86,33,86.37,24,29,-3.51
2012,326,Cincinnati,6,16,31,0.8238,,,51,110.1,50,94.8,,15.3,84,0.6962,88,77.07,56,89.11,38,35,-12.04
2012,325,Colorado,11,32,75,0.7409,,,11,118.8,24,93.9,,24.9,58,0.7224,156,71.91,67,90.79,67,87,-18.88
2012,324,Colorado St.,11,64,85,0.721,,,39,115.1,50,98,,17.1,65,0.6977,41,83.68,234,103.13,152,76,-19.45
2012,323,Connecticut,9,64,36,0.811,,,19,118.3,117,102.5,,15.8,51,0.7145,62,80.15,76,91.67,47,36,-11.52
2012,322,Creighton,8,32,28,0.828,,,339,94.4,150,105.4,,-11,359,0.4665,3,97.57,142,96.84,81,28,0.73
2012,321,Davidson,13,64,64,0.7551,,,6,122.1,154,103.9,,18.2,26,0.7409,27,86.23,95,93.43,77,71,-7.2
2012,320,Detroit,15,64,116,0.6688,,,124,106.8,21,93.6,,13.2,63,0.705,73,79.42,166,98.22,136,115,-18.8
2012,319,Duke,2,64,9,0.8913,,,68,113.3,25,96.8,,16.5,85,0.7076,7,95.52,44,87.95,23,17,7.57
2012,318,Florida,7,8,14,0.8676,,,189,103.1,107,101.2,,1.9,295,0.5123,8,95.49,133,96,65,15,-0.51
2012,317,Florida St.,3,32,21,0.8467,,,147,106.1,205,107,,-0.9,301,0.5046,72,79.49,6,77.95,11,24,1.54
2012,316,Georgetown,3,32,20,0.8487,,,14,117.8,53,98,,19.8,3,0.7964,81,77.86,16,82.72,11,14,-4.86
2012,315,Gonzaga,7,32,34,0.8176,,,10,116.8,68,96.2,,20.6,7,0.7763,37,84.16,28,85.83,22,27,-1.67
2012,314,Harvard,12,64,40,0.8029,,,13,119.8,39,97.2,,22.6,34,0.7383,146,72.3,86,92.75,53,33,-20.45
2012,313,Indiana,4,16,10,0.881,,,27,117.2,5,89.9,,27.3,40,0.7223,5,96.86,55,89.11,26,10,7.75
2012,312,Iona,14,68,52,0.7756,,,23,117.2,6,90.5,,26.7,8,0.7565,6,96.43,100,93.62,71,59,2.81
2012,311,Iowa St.,8,32,25,0.8297,,,28,114.2,35,94.9,,19.3,28,0.731,25,86.64,42,87.85,28,32,-1.21
2012,310,Kansas,2,2,4,0.9347,,,35,111.4,72,97.1,,14.3,18,0.7189,13,91.73,5,77.47,4,5,14.26
2012,309,Kansas St.,8,32,22,0.8456,,,170,106.4,114,103.4,,3,235,0.56,48,82.25,13,81.06,14,23,1.19
2012,308,Kentucky,1,1,1,0.9879,,,185,101.7,172,103.1,,-1.4,211,0.5633,4,96.97,8,78.64,3,1,18.33
2012,307,Lamar,16,68,109,0.6853,,,247,97.8,138,101,,-3.2,133,0.6066,67,79.97,78,91.77,85,100,-11.8
2012,306,Lehigh,15,32,82,0.7296,,,132,107.2,123,102.6,,4.6,193,0.5845,56,81.55,72,91.25,70,86,-9.7
2012,305,LIU Brooklyn,16,64,152,0.6164,,,56,109.7,99,98.3,,11.4,71,0.7115,19,88.59,104,93.96,130,165,-5.37
2012,304,Long Beach St.,12,64,42,0.7993,,,4,123,112,102.4,,20.6,70,0.6899,33,84.62,37,87.3,29,38,-2.68
2012,303,Louisville,4,4,18,0.8525,,,13,120.5,20,93.1,,27.4,127,0.6185,104,75.55,1,73.5,7,21,2.05
2012,302,Loyola MD,15,64,121,0.6656,,,56,112.2,4,90.2,,22,109,0.6417,168,70.83,138,96.43,128,129,-25.6
2012,301,Marquette,3,16,19,0.8518,,,26,114.6,15,92.6,,22,104,0.641,15,90.18,10,79.22,13,22,10.96
2012,300,Memphis,8,64,13,0.8728,,,16,117.5,11,92,,25.5,118,0.6399,17,89.73,14,81.55,8,11,8.18
2012,299,Michigan,4,64,29,0.8277,,,56,110.3,28,92.7,,17.6,89,0.6819,60,80.3,128,95.86,64,19,-15.56
2012,298,Michigan St.,1,16,5,0.9175,,,9,116.9,22,93.7,,23.2,84,0.6558,23,87.52,3,75.75,1,3,11.77
2012,297,Mississippi Valley St.,16,68,271,0.4436,,,112,105.5,68,96.2,,9.3,310,0.4812,189,68.61,150,97.37,187,233,-28.76
2012,296,Missouri,2,64,6,0.9171,,,120,107.1,126,102.8,,4.3,319,0.4914,1,103.84,74,91.31,30,4,12.53
2012,295,Montana,13,64,106,0.6909,,,14,122.4,25,95.8,,26.6,16,0.763,160,71.69,49,88.33,60,93,-16.64
2012,294,Murray St.,6,32,38,0.8061,,,14,120.2,38,98.8,,21.4,4,0.7923,57,81.09,41,87.68,32,41,-6.59
2012,293,New Mexico,5,32,17,0.8598,,,52,110.4,38,94.8,,15.6,10,0.7213,52,81.86,11,80.4,10,18,1.46
2012,292,New Mexico St.,13,64,65,0.7547,,,36,112.1,14,89.9,,22.2,20,0.7664,30,84.95,25,85.35,40,68,-0.4
2012,291,Norfolk St.,15,32,173,0.5834,,,56,110.7,3,87,,23.7,9,0.7878,191,68.53,112,94.55,145,188,-26.02
2012,290,North Carolina,1,8,3,0.9421,,,39,113.5,6,90.7,,22.8,42,0.721,2,100.92,2,73.87,4,8,27.05
2012,289,North Carolina St.,11,16,27,0.8283,,,63,111.8,22,94.8,,17,23,0.735,28,85.8,65,90.52,51,49,-4.72
2012,288,Notre Dame,7,64,81,0.7299,,,1,126.6,13,92.2,,34.4,12,0.7446,97,75.97,115,95.09,67,39,-19.12
2012,287,Ohio,13,16,58,0.7675,,,6,121.3,47,96.9,,24.4,2,0.7633,102,75.63,32,86.26,43,69,-10.63
2012,286,Ohio St.,2,4,2,0.9679,,,68,109.3,2,85.4,,23.9,14,0.7451,10,93.17,4,76.56,1,2,16.61
2012,285,Purdue,10,32,26,0.8294,,,30,111.9,4,88.7,,23.2,27,0.7091,20,88.37,144,97,84,31,-8.63
2012,284,Saint Louis,9,32,16,0.8621,,,73,113.2,226,109.5,,3.7,208,0.5499,69,79.69,24,85.32,14,12,-5.63
2012,283,Saint Mary's,7,64,41,0.8012,,,12,118.6,60,97.6,,21,130,0.6293,29,85.05,129,95.88,72,34,-10.83
2012,282,San Diego St.,6,64,51,0.7805,,,151,104.4,78,98.3,,6.1,220,0.5506,85,77.58,31,86.25,32,51,-8.67
2012,281,South Dakota St.,14,64,76,0.7385,,,248,100.2,125,102.7,,-2.5,311,0.4976,26,86.4,164,98.07,108,57,-11.67
2012,280,South Florida,12,32,69,0.7509,,,112,105.8,253,107.1,,-1.3,310,0.4802,261,63.79,68,90.81,52,50,-27.02
2012,279,Southern Miss,9,64,60,0.7636,,,248,101,53,98.4,,2.6,268,0.539,59,80.47,151,97.4,103,58,-16.93
2012,278,St. Bonaventure,14,64,53,0.7751,,,60,110,65,97.2,,12.8,100,0.64,71,79.5,110,94.5,75,55,-15
2012,277,Syracuse,1,8,7,0.9061,,,158,104,68,97.8,,6.2,175,0.5811,16,89.78,12,81.05,6,7,8.73
2012,276,Temple,5,64,23,0.8335,,,46,116.5,44,98.5,,18,65,0.705,18,89.25,63,90.32,44,40,-1.07
2012,275,Texas,11,64,43,0.7993,,,6,119.6,71,99.5,,20.1,13,0.767,24,86.75,53,88.92,35,30,-2.17
2012,274,UNC Asheville,16,64,149,0.6316,,,6,121.8,61,99.1,,22.7,13,0.7622,31,84.9,139,96.45,124,120,-11.55
2012,273,UNLV,6,64,35,0.8151,,,34,114.9,71,99.4,,15.5,17,0.7533,36,84.33,15,82.23,21,37,2.1
2012,272,Vanderbilt,5,32,12,0.8783,,,16,118.4,36,96,,22.4,21,0.7361,22,87.53,35,87.08,20,16,0.45
2012,271,VCU,12,32,45,0.7942,,,18,115.4,56,96.4,,19,5,0.7565,105,75.52,45,88.12,40,48,-12.6
2012,270,Vermont,16,64,147,0.6356,,,34,114,63,98.6,,15.4,20,0.7396,177,69.53,188,99.82,154,124,-30.29
2012,269,Virginia,10,64,33,0.8214,,,81,107.4,53,96,,11.4,30,0.7066,178,69.45,22,85.14,17,20,-15.69
2012,268,West Virginia,10,64,37,0.8091,,,62,114.7,111,103.9,,10.8,229,0.5414,49,82.11,77,91.69,53,42,-9.58
2012,267,Western Kentucky,16,64,181,0.5702,,,93,111,84,101.3,,9.7,139,0.6233,226,66.41,96,93.54,141,198,-27.13
2012,266,Wichita St.,5,64,8,0.905,,,208,101.1,103,99.3,,1.8,181,0.5589,11,92.54,18,84.49,9,9,8.05
2012,265,Wisconsin,4,16,15,0.8628,,,38,112.4,157,103.9,,8.5,155,0.6151,117,74.58,43,87.89,19,6,-13.31
2012,264,Xavier,10,16,61,0.7635,,,93,109.5,30,95.4,,14.1,186,0.5753,76,79.04,34,86.95,42,62,-7.91